"Type","Name","Id","Path"
"UMLPackage","old","AAAAAAGAqZP5MjGE6ag=","/taller_analisis"
"UMLPackage","Diagrama_Secuencia","AAAAAAFsklhiJ5sLhGQ=","/taller_analisis/old"
"UMLCollaboration","secuencia_movimientos_compras","AAAAAAFsklhiJ5sMzFU=","/taller_analisis/old/Diagrama_Secuencia"
"UMLInteraction","agregaNotaPedido","AAAAAAFsklhiJ5sNzTM=","/taller_analisis/old/Diagrama_Secuencia/secuencia_movimientos_compras"
"UMLSequenceDiagram","agregaNotaPedido","AAAAAAFsklhiJ5sO1os=","/taller_analisis/old/Diagrama_Secuencia/secuencia_movimientos_compras/agregaNotaPedido"
"UMLInteraction","modificaNotaPedido","AAAAAAFsklhiOZzzyHg=","/taller_analisis/old/Diagrama_Secuencia/secuencia_movimientos_compras"
"UMLSequenceDiagram","modificaNotaPedido","AAAAAAFsklhiOZz0AJk=","/taller_analisis/old/Diagrama_Secuencia/secuencia_movimientos_compras/modificaNotaPedido"
"UMLInteraction","anulaNotaPedido","AAAAAAFsklhiSJ7BP2s=","/taller_analisis/old/Diagrama_Secuencia/secuencia_movimientos_compras"
"UMLSequenceDiagram","anulaNotaPedido","AAAAAAFsklhiSJ7CIgc=","/taller_analisis/old/Diagrama_Secuencia/secuencia_movimientos_compras/anulaNotaPedido"
"UMLInteraction","agregaNotaPresupuesto","AAAAAAFsklhiUZ+9NDU=","/taller_analisis/old/Diagrama_Secuencia/secuencia_movimientos_compras"
"UMLSequenceDiagram","agregaNotaPresupuesto","AAAAAAFsklhiUZ++8KM=","/taller_analisis/old/Diagrama_Secuencia/secuencia_movimientos_compras/agregaNotaPresupuesto"
"UMLInteraction","anulaNotaPresupuesto","AAAAAAFsklhiZqHrCXA=","/taller_analisis/old/Diagrama_Secuencia/secuencia_movimientos_compras"
"UMLSequenceDiagram","anulaNotaPresupuesto","AAAAAAFsklhiZqHs8sw=","/taller_analisis/old/Diagrama_Secuencia/secuencia_movimientos_compras/anulaNotaPresupuesto"
"UMLInteraction","agregaOrdenCompra","AAAAAAFsklhicaMB98c=","/taller_analisis/old/Diagrama_Secuencia/secuencia_movimientos_compras"
"UMLSequenceDiagram","agregaOrdenCompra","AAAAAAFsklhicqMCWkY=","/taller_analisis/old/Diagrama_Secuencia/secuencia_movimientos_compras/agregaOrdenCompra"
"UMLInteraction","anulaOrdenCompra","AAAAAAFsklhig6TlA90=","/taller_analisis/old/Diagrama_Secuencia/secuencia_movimientos_compras"
"UMLSequenceDiagram","anulaOrdenCompra","AAAAAAFsklhihKTmddY=","/taller_analisis/old/Diagrama_Secuencia/secuencia_movimientos_compras/anulaOrdenCompra"
"UMLInteraction","agregaFactura","AAAAAAFsklhilKX7+L8=","/taller_analisis/old/Diagrama_Secuencia/secuencia_movimientos_compras"
"UMLSequenceDiagram","agregaFactura","AAAAAAFsklhilKX85BY=","/taller_analisis/old/Diagrama_Secuencia/secuencia_movimientos_compras/agregaFactura"
"UMLInteraction","anulaFactura","AAAAAAFsklhin6dRKW4=","/taller_analisis/old/Diagrama_Secuencia/secuencia_movimientos_compras"
"UMLSequenceDiagram","anulaFactura","AAAAAAFsklhin6dSCT0=","/taller_analisis/old/Diagrama_Secuencia/secuencia_movimientos_compras/anulaFactura"
"UMLInteraction","agregarNotaRemision","AAAAAAFsklhiqqhhdQo=","/taller_analisis/old/Diagrama_Secuencia/secuencia_movimientos_compras"
"UMLSequenceDiagram","agregarNotaRemision","AAAAAAFsklhiqqhie1I=","/taller_analisis/old/Diagrama_Secuencia/secuencia_movimientos_compras/agregarNotaRemision"
"UMLInteraction","anulaNotaRemision","AAAAAAFsklhiuaoHYB4=","/taller_analisis/old/Diagrama_Secuencia/secuencia_movimientos_compras"
"UMLSequenceDiagram","anulaNotaRemision","AAAAAAFsklhiuaoIXaU=","/taller_analisis/old/Diagrama_Secuencia/secuencia_movimientos_compras/anulaNotaRemision"
"UMLCollaboration","secuencia_referenciales","AAAAAAFsklonUCGjiPs=","/taller_analisis/old/Diagrama_Secuencia"
"UMLInteraction","Agregar ciudad","AAAAAAFsklonUCGk6Bg=","/taller_analisis/old/Diagrama_Secuencia/secuencia_referenciales"
"UMLSequenceDiagram","Agrega ciudad","AAAAAAFsklonUCGl5wU=","/taller_analisis/old/Diagrama_Secuencia/secuencia_referenciales/Agregar ciudad"
"UMLInteraction","modificar ciudad","AAAAAAFsklonWCJ0jFg=","/taller_analisis/old/Diagrama_Secuencia/secuencia_referenciales"
"UMLSequenceDiagram","modificar ciudad","AAAAAAFsklonWCJ1MPg=","/taller_analisis/old/Diagrama_Secuencia/secuencia_referenciales/modificar ciudad"
"UMLInteraction","eliminar ciudad","AAAAAAFsklonXiM4Z78=","/taller_analisis/old/Diagrama_Secuencia/secuencia_referenciales"
"UMLSequenceDiagram","eliminar ciudad","AAAAAAFsklonXiM5jCA=","/taller_analisis/old/Diagrama_Secuencia/secuencia_referenciales/eliminar ciudad"
"UMLInteraction","agregar color","AAAAAAFsklonYyPYXGI=","/taller_analisis/old/Diagrama_Secuencia/secuencia_referenciales"
"UMLSequenceDiagram","Agrega Color","AAAAAAFsklonYyPZdxc=","/taller_analisis/old/Diagrama_Secuencia/secuencia_referenciales/agregar color"
"UMLInteraction","modificar color","AAAAAAFsklonaiSoBQs=","/taller_analisis/old/Diagrama_Secuencia/secuencia_referenciales"
"UMLSequenceDiagram","modificar color","AAAAAAFsklonaiSp06c=","/taller_analisis/old/Diagrama_Secuencia/secuencia_referenciales/modificar color"
"UMLInteraction","eliminar color","AAAAAAFskloncyVs/WA=","/taller_analisis/old/Diagrama_Secuencia/secuencia_referenciales"
"UMLSequenceDiagram","eliminar color","AAAAAAFsklondCVtyoo=","/taller_analisis/old/Diagrama_Secuencia/secuencia_referenciales/eliminar color"
"UMLInteraction","agregar nacionalidad","AAAAAAFskloneSYM658=","/taller_analisis/old/Diagrama_Secuencia/secuencia_referenciales"
"UMLSequenceDiagram","agregar nacionalidad","AAAAAAFskloneSYNDhA=","/taller_analisis/old/Diagrama_Secuencia/secuencia_referenciales/agregar nacionalidad"
"UMLInteraction","modificar nacionalidad","AAAAAAFsklongCbcK9o=","/taller_analisis/old/Diagrama_Secuencia/secuencia_referenciales"
"UMLSequenceDiagram","modificar nacionalidad","AAAAAAFsklongCbdYKM=","/taller_analisis/old/Diagrama_Secuencia/secuencia_referenciales/modificar nacionalidad"
"UMLInteraction","eliminar nacionalidad","AAAAAAFsklonhiegbw8=","/taller_analisis/old/Diagrama_Secuencia/secuencia_referenciales"
"UMLSequenceDiagram","eliminar nacionalidad","AAAAAAFsklonhiehKvM=","/taller_analisis/old/Diagrama_Secuencia/secuencia_referenciales/eliminar nacionalidad"
"UMLInteraction","agregar usuarios","AAAAAAFsklonjChAozA=","/taller_analisis/old/Diagrama_Secuencia/secuencia_referenciales"
"UMLSequenceDiagram","agregar usuarios","AAAAAAFsklonjChB++4=","/taller_analisis/old/Diagrama_Secuencia/secuencia_referenciales/agregar usuarios"
"UMLInteraction","modificar usuarios","AAAAAAFsklonkykQymA=","/taller_analisis/old/Diagrama_Secuencia/secuencia_referenciales"
"UMLSequenceDiagram","modificar usuarios","AAAAAAFsklonkykR+GM=","/taller_analisis/old/Diagrama_Secuencia/secuencia_referenciales/modificar usuarios"
"UMLInteraction","eliminar usuarios","AAAAAAFsklonminOsug=","/taller_analisis/old/Diagrama_Secuencia/secuencia_referenciales"
"UMLSequenceDiagram","eliminar usuarios","AAAAAAFsklonminPiq4=","/taller_analisis/old/Diagrama_Secuencia/secuencia_referenciales/eliminar usuarios"
"UMLInteraction","agregar marcas","AAAAAAFsklonnypo1e8=","/taller_analisis/old/Diagrama_Secuencia/secuencia_referenciales"
"UMLSequenceDiagram","agregar marcas","AAAAAAFsklonnyppCqs=","/taller_analisis/old/Diagrama_Secuencia/secuencia_referenciales/agregar marcas"
"UMLInteraction","modificar marcas","AAAAAAFsklonpSsyl8c=","/taller_analisis/old/Diagrama_Secuencia/secuencia_referenciales"
"UMLSequenceDiagram","modificar marcas","AAAAAAFsklonpSszhiI=","/taller_analisis/old/Diagrama_Secuencia/secuencia_referenciales/modificar marcas"
"UMLInteraction","eliminar marcas","AAAAAAFsklonrCvwgqE=","/taller_analisis/old/Diagrama_Secuencia/secuencia_referenciales"
"UMLSequenceDiagram","eliminar marcas","AAAAAAFsklonrCvxT1I=","/taller_analisis/old/Diagrama_Secuencia/secuencia_referenciales/eliminar marcas"
"UMLInteraction","agregar cargos","AAAAAAFsklonsyyK5eo=","/taller_analisis/old/Diagrama_Secuencia/secuencia_referenciales"
"UMLSequenceDiagram","agregar cargos","AAAAAAFsklonsyyLhkU=","/taller_analisis/old/Diagrama_Secuencia/secuencia_referenciales/agregar cargos"
"UMLInteraction","modificar cargos","AAAAAAFsklonui1Uh7c=","/taller_analisis/old/Diagrama_Secuencia/secuencia_referenciales"
"UMLSequenceDiagram","modificar cargos","AAAAAAFsklonui1ViYY=","/taller_analisis/old/Diagrama_Secuencia/secuencia_referenciales/modificar cargos"
"UMLInteraction","elimina cargos","AAAAAAFsklonwi4MXq8=","/taller_analisis/old/Diagrama_Secuencia/secuencia_referenciales"
"UMLSequenceDiagram","elimina cargos","AAAAAAFsklonwi4NAHc=","/taller_analisis/old/Diagrama_Secuencia/secuencia_referenciales/elimina cargos"
"UMLInteraction","agregar empleados","AAAAAAFsklonyi6scpg=","/taller_analisis/old/Diagrama_Secuencia/secuencia_referenciales"
"UMLSequenceDiagram","agregar empleados","AAAAAAFsklonyi6t5Cg=","/taller_analisis/old/Diagrama_Secuencia/secuencia_referenciales/agregar empleados"
"UMLInteraction","modificar empleados","AAAAAAFsklon4DDsweY=","/taller_analisis/old/Diagrama_Secuencia/secuencia_referenciales"
"UMLSequenceDiagram","modificar empleados","AAAAAAFsklon4DDtY3c=","/taller_analisis/old/Diagrama_Secuencia/secuencia_referenciales/modificar empleados"
"UMLInteraction","eliminar empleados","AAAAAAFsklon8zMm1RI=","/taller_analisis/old/Diagrama_Secuencia/secuencia_referenciales"
"UMLSequenceDiagram","eliminar empleados","AAAAAAFsklon8zMnxPY=","/taller_analisis/old/Diagrama_Secuencia/secuencia_referenciales/eliminar empleados"
"UMLInteraction","agregar proveedores","AAAAAAFsklon+DPGH1k=","/taller_analisis/old/Diagrama_Secuencia/secuencia_referenciales"
"UMLSequenceDiagram","agregar proveedores","AAAAAAFsklon+DPH/XM=","/taller_analisis/old/Diagrama_Secuencia/secuencia_referenciales/agregar proveedores"
"UMLInteraction","modificar proveedores","AAAAAAFsklooBzUUfgE=","/taller_analisis/old/Diagrama_Secuencia/secuencia_referenciales"
"UMLSequenceDiagram","modificar proveedores","AAAAAAFsklooCDUVxdw=","/taller_analisis/old/Diagrama_Secuencia/secuencia_referenciales/modificar proveedores"
"UMLInteraction","eliminar proveedores","AAAAAAFsklooFTZWYQQ=","/taller_analisis/old/Diagrama_Secuencia/secuencia_referenciales"
"UMLSequenceDiagram","eliminar proveedores","AAAAAAFsklooFTZXJK8=","/taller_analisis/old/Diagrama_Secuencia/secuencia_referenciales/eliminar proveedores"
"UMLInteraction","agregar productos","AAAAAAFsklooGzb2J2I=","/taller_analisis/old/Diagrama_Secuencia/secuencia_referenciales"
"UMLSequenceDiagram","agregar productos","AAAAAAFsklooGzb30Ls=","/taller_analisis/old/Diagrama_Secuencia/secuencia_referenciales/agregar productos"
"UMLInteraction","modificar productos","AAAAAAFsklooMTjGjiE=","/taller_analisis/old/Diagrama_Secuencia/secuencia_referenciales"
"UMLSequenceDiagram","modificar productos","AAAAAAFsklooMTjHHA4=","/taller_analisis/old/Diagrama_Secuencia/secuencia_referenciales/modificar productos"
"UMLInteraction","eliminar productos","AAAAAAFsklooQzqKqXQ=","/taller_analisis/old/Diagrama_Secuencia/secuencia_referenciales"
"UMLSequenceDiagram","eliminar productos","AAAAAAFsklooQzqLGyE=","/taller_analisis/old/Diagrama_Secuencia/secuencia_referenciales/eliminar productos"
"UMLPackage","Diagrama_clases","AAAAAAFr6Hm3rb/dIWk=","/taller_analisis/old"
"UMLPackage","referenciales","AAAAAAFsIQ8pIovE+DU=","/taller_analisis/old/Diagrama_clases"
"UMLClassDiagram","clase_estado_civil","AAAAAAFsIRDsrYwFPm0=","/taller_analisis/old/Diagrama_clases/referenciales"
"UMLClassDiagram","clase_ciudad","AAAAAAFsITDE05gPIcw=","/taller_analisis/old/Diagrama_clases/referenciales"
"UMLPackage","conexion","AAAAAAFsITarbZl5Ff0=","/taller_analisis/old/Diagrama_clases/referenciales"
"UMLClassDiagram","clase_nacionalidad","AAAAAAFsITyiKJs2kpc=","/taller_analisis/old/Diagrama_clases/referenciales"
"UMLClassDiagram","clase_modelo_auto","AAAAAAFsIUL2gp02N/A=","/taller_analisis/old/Diagrama_clases/referenciales"
"UMLClassDiagram","clase_marcas","AAAAAAFsIUkz0Z8BGoQ=","/taller_analisis/old/Diagrama_clases/referenciales"
"UMLClassDiagram","clase_colores","AAAAAAFsJhRL3vDO4+M=","/taller_analisis/old/Diagrama_clases/referenciales"
"UMLClassDiagram","clase_usuarios","AAAAAAFsJh7Nb/Ll+Go=","/taller_analisis/old/Diagrama_clases/referenciales"
"UMLClassDiagram","clase_empleados","AAAAAAFsJkIwQvW3SCs=","/taller_analisis/old/Diagrama_clases/referenciales"
"UMLPackage","buscadores","AAAAAAFsJlgs+vhGdHI=","/taller_analisis/old/Diagrama_clases/referenciales"
"UMLPackage","mantener_referenciales","AAAAAAFsITZTwJlbLU0=","/taller_analisis/old/Diagrama_clases/referenciales"
"UMLClassDiagram","clase_personas","AAAAAAFsK1IGQAS31H4=","/taller_analisis/old/Diagrama_clases/referenciales"
"UMLClassDiagram","clase_sucursales","AAAAAAFsK2pQdxCOnL4=","/taller_analisis/old/Diagrama_clases/referenciales"
"UMLClassDiagram","clase_clientes","AAAAAAFsK4FMFxN+d7I=","/taller_analisis/old/Diagrama_clases/referenciales"
"UMLClassDiagram","clase_cargos","AAAAAAFsMI1hGLpLsI0=","/taller_analisis/old/Diagrama_clases/referenciales"
"UMLClassDiagram","clase_deposito","AAAAAAFsMJMNW7x5uHg=","/taller_analisis/old/Diagrama_clases/referenciales"
"UMLClassDiagram","clase_vehiculos","AAAAAAFsMJ5HN77eD2M=","/taller_analisis/old/Diagrama_clases/referenciales"
"UMLClassDiagram","clase_tipo_impuesto","AAAAAAFsMMNes8UTIj4=","/taller_analisis/old/Diagrama_clases/referenciales"
"UMLClassDiagram","clase_unidad_medida","AAAAAAFsMNfL78cKkMw=","/taller_analisis/old/Diagrama_clases/referenciales"
"UMLClassDiagram","clase_articulos","AAAAAAFsNMb/r68yV9c=","/taller_analisis/old/Diagrama_clases/referenciales"
"UMLClassDiagram","clase_proveedores","AAAAAAFsNNhmmioPrKg=","/taller_analisis/old/Diagrama_clases/referenciales"
"UMLClassDiagram","clase_timbrado","AAAAAAFsNOizii6RD/4=","/taller_analisis/old/Diagrama_clases/referenciales"
"UMLClassDiagram","clase_entidad_emisora","AAAAAAFsNPv2YDDm/7g=","/taller_analisis/old/Diagrama_clases/referenciales"
"UMLClassDiagram","clase_cajas","AAAAAAFsNQgT1DLW4zQ=","/taller_analisis/old/Diagrama_clases/referenciales"
"UMLClassDiagram","clase_bancos","AAAAAAFsNRXvEDTOv2g=","/taller_analisis/old/Diagrama_clases/referenciales"
"UMLClassDiagram","clase_forma_cobro","AAAAAAFsNRpJ+jbPFS8=","/taller_analisis/old/Diagrama_clases/referenciales"
"UMLClassDiagram","clase_monedas","AAAAAAFsNSAqhTjr0CI=","/taller_analisis/old/Diagrama_clases/referenciales"
"UMLClassDiagram","clase_equipo_trabajo","AAAAAAFsNSg4vTr8Zmw=","/taller_analisis/old/Diagrama_clases/referenciales"
"UMLClassDiagram","clase_motivo_inv","AAAAAAFsXexL0CR7+ME=","/taller_analisis/old/Diagrama_clases/referenciales"
"UMLClassDiagram","clase_motivoremision","AAAAAAFsaSixbSw1xlM=","/taller_analisis/old/Diagrama_clases/referenciales"
"UMLPackage","buscadores","AAAAAAFsXeB9BR7Uo8Y=","/taller_analisis/old/Diagrama_clases"
"UMLPackage","prg","AAAAAAFsXeDKbR7opoM=","/taller_analisis/old/Diagrama_clases"
"UMLPackage","clase_compras","AAAAAAFsXeEo1B+fDos=","/taller_analisis/old/Diagrama_clases"
"UMLClassDiagram","clase_registrar_pedido","AAAAAAFsXeEo1B+g2XQ=","/taller_analisis/old/Diagrama_clases/clase_compras"
"UMLClassDiagram","clase_registrar_ajuste_inventario","AAAAAAFsXejocCLbytA=","/taller_analisis/old/Diagrama_clases/clase_compras"
"UMLPackage","modulo_compras","AAAAAAFsXgL9ryzwzkw=","/taller_analisis/old/Diagrama_clases/clase_compras"
"UMLClassDiagram","clase_registrar_compra","AAAAAAFsXgVJKy0kVvE=","/taller_analisis/old/Diagrama_clases/clase_compras"
"UMLClassDiagram","clase_generar_trensferencias","AAAAAAFsXiZvyjel168=","/taller_analisis/old/Diagrama_clases/clase_compras"
"UMLClassDiagram","clase_registrarnotacredito","AAAAAAFsXlhna0eXqIE=","/taller_analisis/old/Diagrama_clases/clase_compras"
"UMLClassDiagram","clase_notaremision","AAAAAAFsXpvGsJdBY7o=","/taller_analisis/old/Diagrama_clases/clase_compras"
"UMLClassDiagram","clase_ordencompra","AAAAAAFsXuDWzp9BZOQ=","/taller_analisis/old/Diagrama_clases/clase_compras"
"UMLClassDiagram","clase_registrarpresupuesto","AAAAAAFsXwyzF6zEPEg=","/taller_analisis/old/Diagrama_clases/clase_compras"
"UMLClassDiagram","calse_registrar_notadebito","AAAAAAFsgcnjkte0Q4Q=","/taller_analisis/old/Diagrama_clases/clase_compras"
"UMLPackage","clase_ventas","AAAAAAFsXeFFFiAudDU=","/taller_analisis/old/Diagrama_clases"
"UMLClassDiagram","clase_registar_pedidoventa","AAAAAAFsbi56fLlgw14=","/taller_analisis/old/Diagrama_clases/clase_ventas"
"UMLPackage","modulo_ventas","AAAAAAFsbjCuqrw0Nks=","/taller_analisis/old/Diagrama_clases/clase_ventas"
"UMLClassDiagram","clase_generar_presupuesto_venta","AAAAAAFsbjnAA9H9KME=","/taller_analisis/old/Diagrama_clases/clase_ventas"
"UMLClassDiagram","clase_generar_ordenventa","AAAAAAFsbkvg7PsKSUw=","/taller_analisis/old/Diagrama_clases/clase_ventas"
"UMLClassDiagram","clase_registrar_apercier_caja","AAAAAAFsbkwp//1WajM=","/taller_analisis/old/Diagrama_clases/clase_ventas"
"UMLClassDiagram","clase_gestionar_ventas","AAAAAAFsbkw/XP+KbgQ=","/taller_analisis/old/Diagrama_clases/clase_ventas"
"UMLClassDiagram","clase_gestionar_cobranzas","AAAAAAFsbkxbOwGyZS8=","/taller_analisis/old/Diagrama_clases/clase_ventas"
"UMLClassDiagram","clase_generar_nota_remision_venta","AAAAAAFsbkyZ3QhcWRE=","/taller_analisis/old/Diagrama_clases/clase_ventas"
"UMLClassDiagram","clase_registrar_notadebito","AAAAAAFsbkyuKQqcSnM=","/taller_analisis/old/Diagrama_clases/clase_ventas"
"UMLClassDiagram","clase_registrar_notacredito","AAAAAAFsbkzHPAzE1YU=","/taller_analisis/old/Diagrama_clases/clase_ventas"
"UMLPackage","clase_servicios","AAAAAAFsXeFb8yA0QKI=","/taller_analisis/old/Diagrama_clases"
"UMLClassDiagram","clase_registrar_solicitud","AAAAAAFsgII6w1yU2Bk=","/taller_analisis/old/Diagrama_clases/clase_servicios"
"UMLClassDiagram","clase_generar_diagnostico","AAAAAAFsgIJdZV8oLh4=","/taller_analisis/old/Diagrama_clases/clase_servicios"
"UMLClassDiagram","clase_generar_presupuesto","AAAAAAFsgIJtaGGwXTo=","/taller_analisis/old/Diagrama_clases/clase_servicios"
"UMLClassDiagram","clase_generar_orden_de_trabajo","AAAAAAFsgIJ+6WQ4b6Y=","/taller_analisis/old/Diagrama_clases/clase_servicios"
"UMLClassDiagram","clase_registrar_servicio","AAAAAAFsgIKorGbY/ak=","/taller_analisis/old/Diagrama_clases/clase_servicios"
"UMLClassDiagram","clase_registrar_reclamos","AAAAAAFsgIL5Em5+hl0=","/taller_analisis/old/Diagrama_clases/clase_servicios"
"UMLClassDiagram","clase_promociones","AAAAAAFsgIMIqnEGouQ=","/taller_analisis/old/Diagrama_clases/clase_servicios"
"UMLPackage","modulo_servicios","AAAAAAFsgSBSyZrs27w=","/taller_analisis/old/Diagrama_clases/clase_servicios"
"UMLPackage","diagrama_actividad_especifico","AAAAAAFr40IUvwGX2g8=","/taller_analisis/old"
"UMLPackage","Compras","AAAAAAFr40J4hwqcd3g=","/taller_analisis/old/diagrama_actividad_especifico/modulo_compras_especifico"
"UMLActivity","actividad_compra","AAAAAAFr40J4hwqdtkU=","/taller_analisis/old/diagrama_actividad_especifico/modulo_compras_especifico/Compras"
"UMLActivityDiagram","Acompra","AAAAAAFr40J4hwqeK1E=","/taller_analisis/old/diagrama_actividad_especifico/modulo_compras_especifico/Compras/actividad_compra"
"UMLPackage","Ventas","AAAAAAFr40KOnRkZqPM=","/taller_analisis/old/diagrama_actividad_especifico/modulo_ventas_especifico"
"UMLActivity","actividad_ventas","AAAAAAFr40KOnRkaT1w=","/taller_analisis/old/diagrama_actividad_especifico/modulo_ventas_especifico/Ventas"
"UMLActivityDiagram","Aventas","AAAAAAFr40KOnRkbliw=","/taller_analisis/old/diagrama_actividad_especifico/modulo_ventas_especifico/Ventas/actividad_ventas"
"UMLPackage","servicios","AAAAAAFr40KcSCfe2pA=","/taller_analisis/old/diagrama_actividad_especifico/modulo_servicios_especifico"
"UMLActivity","actividad_servicios","AAAAAAFr40KcSCffWQU=","/taller_analisis/old/diagrama_actividad_especifico/modulo_servicios_especifico/servicios"
"UMLActivityDiagram","Aservicios","AAAAAAFr40KcSCfgBIo=","/taller_analisis/old/diagrama_actividad_especifico/modulo_servicios_especifico/servicios/actividad_servicios"
"UMLPackage","Casos_Uso","AAAAAAFr07jLllonV5Q=","/taller_analisis/old"
"UMLUseCaseDiagram","Casos_Uso_Negocios","AAAAAAFr07nuclorj8U=","/taller_analisis/old/Casos_Uso"
"UMLPackage","mantener_referenciales","AAAAAAFr07pXKVpHeSM=","/taller_analisis/old/Casos_Uso"
"UMLPackage","gestion_compras","AAAAAAFr07phFVpgD24=","/taller_analisis/old/Casos_Uso/mantener_referenciales"
"UMLPackage","gestion_servicios","AAAAAAFr07potFp50PI=","/taller_analisis/old/Casos_Uso/mantener_referenciales/gestion_compras"
"UMLPackage","gestion_ventas","AAAAAAFr07px0VqSSw4=","/taller_analisis/old/Casos_Uso/mantener_referenciales/gestion_compras/gestion_servicios"
"UMLPackage","generar_informes","AAAAAAFr07p9fFqrjPo=","/taller_analisis/old/Casos_Uso/mantener_referenciales/gestion_compras/gestion_servicios/gestion_ventas"
"UMLUseCaseDiagram","Casos_Uso_Alto_Nivel","AAAAAAFr092bZ12KpE4=","/taller_analisis/old/Casos_Uso"
"UMLUseCase","mantener_referenciales","AAAAAAFr0+Oi8F7X+6k=","/taller_analisis/old/Casos_Uso"
"UMLUseCase","gestion_compras","AAAAAAFr0+QPGl8IBEc=","/taller_analisis/old/Casos_Uso"
"UMLUseCase","gestion_servicios","AAAAAAFr0+RTn182AaE=","/taller_analisis/old/Casos_Uso"
"UMLUseCase","gestion_ventas","AAAAAAFr0+R22F9kGPo=","/taller_analisis/old/Casos_Uso"
"UMLUseCase","generar_informes","AAAAAAFr0+ShhV+ST/E=","/taller_analisis/old/Casos_Uso"
"UMLUseCaseDiagram","Casos_Uso_Referenciales_general","AAAAAAFr3i1SfvARwf0=","/taller_analisis/old/Casos_Uso"
"UMLUseCase","referenciales_compras","AAAAAAFr3jPw5fazdP0=","/taller_analisis/old/Casos_Uso"
"UMLUseCase","referenciales_servicios","AAAAAAFr3jQd0fb5sGU=","/taller_analisis/old/Casos_Uso"
"UMLUseCase","referenciales_ventas","AAAAAAFr3jRe2vc9iGs=","/taller_analisis/old/Casos_Uso"
"UMLPackage","gestion_compras","AAAAAAFr4z1sZ2eWQig=","/taller_analisis/old/Casos_Uso"
"UMLUseCaseDiagram","Caso_uso_compras","AAAAAAFr4z1sZ2eXisk=","/taller_analisis/old/Casos_Uso/gestion_compras"
"UMLUseCase","registrar_pedido","AAAAAAFr4z1sdGjo23k=","/taller_analisis/old/Casos_Uso/gestion_compras"
"UMLUseCase","registrar_presupuesto","AAAAAAFr4z1sdGjrHBE=","/taller_analisis/old/Casos_Uso/gestion_compras"
"UMLUseCase","registrar_compra","AAAAAAFr4z1sdGjvxo8=","/taller_analisis/old/Casos_Uso/gestion_compras"
"UMLUseCase","registrar_Nota_remisiÃ³n","AAAAAAFr4z1sdWj2sKI=","/taller_analisis/old/Casos_Uso/gestion_compras"
"UMLUseCase","mantener_articulos","AAAAAAFr4z1sdWj5UfU=","/taller_analisis/old/Casos_Uso/gestion_compras"
"UMLUseCase","mantener_proveedores","AAAAAAFr4z1sdWj7ZA8=","/taller_analisis/old/Casos_Uso/gestion_compras"
"UMLUseCase","Buscador","AAAAAAFr4z1sdWj9yvk=","/taller_analisis/old/Casos_Uso/gestion_compras"
"UMLUseCase","generar_orden_compra","AAAAAAFr4z1sdmkRUBE=","/taller_analisis/old/Casos_Uso/gestion_compras"
"UMLUseCase","registrar_ajuste_inventario","AAAAAAFr4z1sdmkU69U=","/taller_analisis/old/Casos_Uso/gestion_compras"
"UMLUseCase","registrar_nota_de_credito","AAAAAAFr4z1sdmkVDpE=","/taller_analisis/old/Casos_Uso/gestion_compras"
"UMLUseCase","registrar_nota_debito","AAAAAAFr4z1sdmkWXCA=","/taller_analisis/old/Casos_Uso/gestion_compras"
"UMLUseCase","generar_transferencias","AAAAAAFr4z1sd2kc9uQ=","/taller_analisis/old/Casos_Uso/gestion_compras"
"UMLPackage","gestion_servicios","AAAAAAFr40SDpS+nY4g=","/taller_analisis/old/Casos_Uso"
"UMLUseCaseDiagram","gestion_servicios","AAAAAAFr40TfZy/DXTk=","/taller_analisis/old/Casos_Uso/gestion_servicios"
"UMLUseCase","registrar_solicitud","AAAAAAFr40gkhDXHFNE=","/taller_analisis/old/Casos_Uso/gestion_servicios"
"UMLUseCase","generar_diagnostico","AAAAAAFr40jK/zZWPn4=","/taller_analisis/old/Casos_Uso/gestion_servicios"
"UMLUseCase","generar_presupuesto","AAAAAAFr40kOEzbMB6Y=","/taller_analisis/old/Casos_Uso/gestion_servicios"
"UMLUseCase","generar_orden_de_trabajo","AAAAAAFr40k+ijdC5io=","/taller_analisis/old/Casos_Uso/gestion_servicios"
"UMLUseCase","registrar_servicio","AAAAAAFr40omLze4L3c=","/taller_analisis/old/Casos_Uso/gestion_servicios"
"UMLUseCase","registrar_promociones","AAAAAAFr40sm6ThT/6Q=","/taller_analisis/old/Casos_Uso/gestion_servicios"
"UMLUseCase","registrar_reclamos","AAAAAAFr40wD5DrLJog=","/taller_analisis/old/Casos_Uso/gestion_servicios"
"UMLUseCase","Buscador","AAAAAAFr6HWE9LU88ik=","/taller_analisis/old/Casos_Uso/gestion_servicios"
"UMLPackage","gestion_ventas","AAAAAAFr400h7DyQXtA=","/taller_analisis/old/Casos_Uso"
"UMLUseCaseDiagram","gestion_ventas","AAAAAAFr401g4Tysg0U=","/taller_analisis/old/Casos_Uso/gestion_ventas"
"UMLUseCase","registrar_pedido_venta","AAAAAAFr41mrpENCB9M=","/taller_analisis/old/Casos_Uso/gestion_ventas"
"UMLUseCase","generar_presupuesto_venta","AAAAAAFr41qwPUOg1fQ=","/taller_analisis/old/Casos_Uso/gestion_ventas"
"UMLUseCase","generar_ordenventa","AAAAAAFr41xANERHGlA=","/taller_analisis/old/Casos_Uso/gestion_ventas"
"UMLUseCase","registrar_apercier_caja","AAAAAAFr41xpp0S9tpY=","/taller_analisis/old/Casos_Uso/gestion_ventas"
"UMLUseCase","gestionar_ventas","AAAAAAFr41yl00Uzs0A=","/taller_analisis/old/Casos_Uso/gestion_ventas"
"UMLUseCase","gestionar_cobranzas","AAAAAAFr4108KkWpMI8=","/taller_analisis/old/Casos_Uso/gestion_ventas"
"UMLUseCase","generar_nota_remision_venta","AAAAAAFr412dAkYfEMg=","/taller_analisis/old/Casos_Uso/gestion_ventas"
"UMLUseCase","registrar_notacredito","AAAAAAFr413t3EaVNUg=","/taller_analisis/old/Casos_Uso/gestion_ventas"
"UMLUseCase","registrar_notadebito","AAAAAAFr414cYkbzGr8=","/taller_analisis/old/Casos_Uso/gestion_ventas"
"UMLUseCase","Bucador","AAAAAAFr6Hb8zrlIgQs=","/taller_analisis/old/Casos_Uso/gestion_ventas"
"UMLUseCaseDiagram","casos_uso_Referenciales_compras","AAAAAAFr6IySWcIePVo=","/taller_analisis/old/Casos_Uso"
"UMLUseCase","gui_Ciudad","AAAAAAFr6JNUHshnnxE=","/taller_analisis/old/Casos_Uso"
"UMLUseCase","gui_Marcas","AAAAAAFr6JN3Z8ihnJs=","/taller_analisis/old/Casos_Uso"
"UMLUseCase","gui_nacionalidad","AAAAAAFr6JOiR8jk3NM=","/taller_analisis/old/Casos_Uso"
"UMLUseCase","gui_usuarios","AAAAAAFr6JPD68ke+bo=","/taller_analisis/old/Casos_Uso"
"UMLUseCase","gui_sucursales","AAAAAAFr6JPhlclYAK8=","/taller_analisis/old/Casos_Uso"
"UMLUseCase","gui_proveedores","AAAAAAFr6JUdJsmiDE8=","/taller_analisis/old/Casos_Uso"
"UMLUseCase","gui_tipo_impuesto","AAAAAAFr6JW6GsncTzY=","/taller_analisis/old/Casos_Uso"
"UMLUseCase","gui_Depositos","AAAAAAFr6JZVYMoWNnQ=","/taller_analisis/old/Casos_Uso"
"UMLUseCase","gui_empleados","AAAAAAFr6JblMcqK/YU=","/taller_analisis/old/Casos_Uso"
"UMLUseCase","gui_Cargos","AAAAAAFr6Jb9A8rEdtw=","/taller_analisis/old/Casos_Uso"
"UMLUseCaseDiagram","casos_uso_Referenciales_servicios","AAAAAAFr6JzPps4M/YE=","/taller_analisis/old/Casos_Uso"
"UMLUseCase","gui_vehiculos","AAAAAAFr6J7A489KpVM=","/taller_analisis/old/Casos_Uso"
"UMLUseCase","gui_modelo_auto","AAAAAAFr6J7dHc+Elnc=","/taller_analisis/old/Casos_Uso"
"UMLUseCase","gui_colores","AAAAAAFr6J8E1M++klg=","/taller_analisis/old/Casos_Uso"
"UMLUseCaseDiagram","casos_uso_Referenciales_ventas","AAAAAAFr6J+ZfdBjJsk=","/taller_analisis/old/Casos_Uso"
"UMLUseCase","gui_clientes","AAAAAAFr6KEIItFn0HM=","/taller_analisis/old/Casos_Uso"
"UMLUseCase","gui_estado_civil","AAAAAAFr6KEiStGhGkY=","/taller_analisis/old/Casos_Uso"
"UMLUseCase","gui_articulos","AAAAAAFr6KE2LtHbSFk=","/taller_analisis/old/Casos_Uso"
"UMLUseCase","gui_personas","AAAAAAFr6KFnf9IVD3w=","/taller_analisis/old/Casos_Uso"
"UMLUseCase","gui_entidad_emisora","AAAAAAFr6KF699JP3tc=","/taller_analisis/old/Casos_Uso"
"UMLUseCase","gui_bancos","AAAAAAFr6KGO0tKJ+FY=","/taller_analisis/old/Casos_Uso"
"UMLUseCase","gui_cajas","AAAAAAFr6KHOTNLDBbE=","/taller_analisis/old/Casos_Uso"
"UMLUseCase","Buscador","AAAAAAFr7X4zvrDT3Ik=","/taller_analisis/old/Casos_Uso"
"UMLUseCase","gui_forma_cobro","AAAAAAFsFLSAp+9xgj8=","/taller_analisis/old/Casos_Uso"
"UMLUseCase","mantener_unidad_medida","AAAAAAFsIOtVJoo4aI8=","/taller_analisis/old/Casos_Uso"
"UMLUseCase","gui_unidad_medida","AAAAAAFsIOyN6orP7XU=","/taller_analisis/old/Casos_Uso"
"UMLUseCase","gui_timbrado","AAAAAAFsNOgKny46/74=","/taller_analisis/old/Casos_Uso"
"UMLUseCase","gui_equipo_trabajo","AAAAAAFsNThWoD3z6DY=","/taller_analisis/old/Casos_Uso"
"UMLUseCase","gui_Motivo_inv","AAAAAAFsaS8dYTNiOAU=","/taller_analisis/old/Casos_Uso"
"UMLUseCase","gui_motivo_nremision","AAAAAAFsaS9e0TOwTe8=","/taller_analisis/old/Casos_Uso"
"UMLUseCase","gui_monedas","AAAAAAFskk6luczsguA=","/taller_analisis/old/Casos_Uso"
"UMLActivity","Diagrama_actividad_general","AAAAAAFrr4Nwi2kMYh8=","/taller_analisis/old"
"UMLActivityDiagram","ActividadCompras","AAAAAAFrr4Nwi2kN6r4=","/taller_analisis/old/Diagrama_actividad_general"
"UMLActivityDiagram","ActividadServicios","AAAAAAFrr4NwjmlvN60=","/taller_analisis/old/Diagrama_actividad_general"
"UMLActivityDiagram","ActividadesVentas","AAAAAAFrr4XdYXVJ7rA=","/taller_analisis/old/Diagrama_actividad_general"
"UMLProfileDiagram","StandardProfileL2","AAAAAAFsISZrspU2bak=","/taller_analisis/old/UMLStandardProfile"
"UMLProfileDiagram","Robustness Stereotypes","AAAAAAFsISZruJWgQ/A=","/taller_analisis/old/UMLStandardProfile"
"UMLProfileDiagram","StandardProfileL3","AAAAAAFsISZrvJYKpeQ=","/taller_analisis/old/UMLStandardProfile"
"UMLPackage","Casos de Uso","AAAAAAGAqZZLREC0ED4=","/taller_analisis/Diagramas"
"UMLUseCaseDiagram","Casos de Uso de Negocios","AAAAAAGAqZZLREC1k5s=","/taller_analisis/Diagramas/Casos de Uso"
"UMLUseCase","Mantener referenciales","AAAAAAGAqZZLR0HTixs=","/taller_analisis/Diagramas/Casos de Uso"
"UMLUseCase","Gestion de Compras","AAAAAAGAqZZLR0HdJug=","/taller_analisis/Diagramas/Casos de Uso"
"UMLUseCase","Gestion de Servicios","AAAAAAGAqZZLR0Hgkug=","/taller_analisis/Diagramas/Casos de Uso"
"UMLUseCase","Gestion de Facturacion","AAAAAAGAqZZLR0HnynM=","/taller_analisis/Diagramas/Casos de Uso"
"UMLUseCase","Gestion de informes","AAAAAAGAqZZLR0HsFo0=","/taller_analisis/Diagramas/Casos de Uso"
"UMLUseCaseDiagram","Caso de Uso Mantener Referenciales General","AAAAAAGAqZZLR0Hu4RY=","/taller_analisis/Diagramas/Casos de Uso"
"UMLUseCase","referenciales compras","AAAAAAGAqZZLSEJV1hE=","/taller_analisis/Diagramas/Casos de Uso"
"UMLUseCase","referenciales servicios","AAAAAAGAqZZLSEJWEwc=","/taller_analisis/Diagramas/Casos de Uso"
"UMLUseCase","referenciales facturacion","AAAAAAGAqZZLSEJXG40=","/taller_analisis/Diagramas/Casos de Uso"
"UMLUseCaseDiagram","Caso de Uso Referenciales Compras","AAAAAAGAqZZLSEJYql8=","/taller_analisis/Diagramas/Casos de Uso"
"UMLUseCaseDiagram","Caso de Uso Referenciales Servicios","AAAAAAGAqZZLSEJ6cww=","/taller_analisis/Diagramas/Casos de Uso"
"UMLUseCaseDiagram","Caso de Uso Referenciales Facturacion","AAAAAAGAqZZLSUKcAHE=","/taller_analisis/Diagramas/Casos de Uso"
"UMLUseCaseDiagram","Caso de Uso Gestion de Compras","AAAAAAGAqZZLSkK+gkg=","/taller_analisis/Diagramas/Casos de Uso"
"UMLUseCase","Registrar Pedido","AAAAAAGAqZZLS0NfBCk=","/taller_analisis/Diagramas/Casos de Uso"
"UMLUseCase","Registrar presupuesto del proveedor","AAAAAAGAqZZLS0Ng1a8=","/taller_analisis/Diagramas/Casos de Uso"
"UMLUseCase","Generar ordenes de compras","AAAAAAGAqZZLS0Ni+IY=","/taller_analisis/Diagramas/Casos de Uso"
"UMLUseCase","Registrar compras Generar cuentas a pagar Registrar libro de compras","AAAAAAGAqZZLS0Nkj3U=","/taller_analisis/Diagramas/Casos de Uso"
"UMLUseCase","Registrar notas de crÃ©dito y dÃ©bito","AAAAAAGAqZZLS0Nla9Q=","/taller_analisis/Diagramas/Casos de Uso"
"UMLUseCase","Registrar ajuste de stock","AAAAAAGAqZZLS0NntXY=","/taller_analisis/Diagramas/Casos de Uso"
"UMLUseCase","Registrar nota de remisiÃ³n","AAAAAAGAqZZLS0NpEAM=","/taller_analisis/Diagramas/Casos de Uso"
"UMLUseCaseDiagram","Caso de Uso Gestion de Servicios","AAAAAAGAqZZLS0NrRCE=","/taller_analisis/Diagramas/Casos de Uso"
"UMLUseCase","Registrar Solicitud de servicios","AAAAAAGAqZZLTkQbJy0=","/taller_analisis/Diagramas/Casos de Uso"
"UMLUseCase","Registrar Promociones","AAAAAAGAqZZLTkQcsi8=","/taller_analisis/Diagramas/Casos de Uso"
"UMLUseCase","Registrar Presupuesto","AAAAAAGAqZZLTkQeG8I=","/taller_analisis/Diagramas/Casos de Uso"
"UMLUseCase","Generar Orden de Trabajo","AAAAAAGAqZZLTkQgkko=","/taller_analisis/Diagramas/Casos de Uso"
"UMLUseCase","Registrar Servicios y Registrar insumos utilizados","AAAAAAGAqZZLTkQh1hY=","/taller_analisis/Diagramas/Casos de Uso"
"UMLUseCase","Registrar Reclamos de Clientes","AAAAAAGAqZZLTkQjwoA=","/taller_analisis/Diagramas/Casos de Uso"
"UMLUseCaseDiagram","Caso de Uso Gestion de Facturacion","AAAAAAGAqZZLTkQlzo4=","/taller_analisis/Diagramas/Casos de Uso"
"UMLUseCase","Registrar apertura de caja Generar cierre de caja Generar recaudaciones a depositar","AAAAAAGAqZZLUES3vyo=","/taller_analisis/Diagramas/Casos de Uso"
"UMLUseCase","Generar el arqueo de caja","AAAAAAGAqZZLUES4TrE=","/taller_analisis/Diagramas/Casos de Uso"
"UMLUseCase","Gestionar ventas Registrar libro de ventas Generar cuentas a cobrar","AAAAAAGAqZZLUES6wlI=","/taller_analisis/Diagramas/Casos de Uso"
"UMLUseCase","Gestionar notas de crÃ©dito y dÃ©bito","AAAAAAGAqZZLUES7IWk=","/taller_analisis/Diagramas/Casos de Uso"
"UMLUseCase","Registrar nota de remisiÃ³n","AAAAAAGAqZZLUES9nLI=","/taller_analisis/Diagramas/Casos de Uso"
"UMLUseCase","mantener ciudades","AAAAAAGAruRz9LR8dX4=","/taller_analisis/Diagramas/Casos de Uso"
"UMLUseCase","mantener empleados","AAAAAAGAruS6u7TUXiU=","/taller_analisis/Diagramas/Casos de Uso"
"UMLUseCase","mantener cargos","AAAAAAGAruTpk7UsKBw=","/taller_analisis/Diagramas/Casos de Uso"
"UMLUseCase","mantener sucursales","AAAAAAGAruUGs7WEwRk=","/taller_analisis/Diagramas/Casos de Uso"
"UMLUseCase","mantener empresa","AAAAAAGAruUZw7XcF5c=","/taller_analisis/Diagramas/Casos de Uso"
"UMLUseCase","mantener tipo impuesto","AAAAAAGAruV2+7aMgVs=","/taller_analisis/Diagramas/Casos de Uso"
"UMLUseCase","mantener articulos","AAAAAAGAruZmVrbnJlU=","/taller_analisis/Diagramas/Casos de Uso"
"UMLUseCase","mantener usuarios","AAAAAAGAruavbbc/49A=","/taller_analisis/Diagramas/Casos de Uso"
"UMLUseCase","mantener modelo auto","AAAAAAGArueDM76e3T0=","/taller_analisis/Diagramas/Casos de Uso"
"UMLUseCase","mantener marcas","AAAAAAGArueUy772rdA=","/taller_analisis/Diagramas/Casos de Uso"
"UMLUseCase","mantener colores","AAAAAAGAruelm79ObMI=","/taller_analisis/Diagramas/Casos de Uso"
"UMLUseCase","mantener vehiculos","AAAAAAGAruew07+mCro=","/taller_analisis/Diagramas/Casos de Uso"
"UMLUseCase","mantener equipo trabajo","AAAAAAGArugQi7/+pus=","/taller_analisis/Diagramas/Casos de Uso"
"UMLUseCase","mantener unidad medida","AAAAAAGArujgrMMqfvc=","/taller_analisis/Diagramas/Casos de Uso"
"UMLUseCase","mantener categorias","AAAAAAGArukHNMOR1CE=","/taller_analisis/Diagramas/Casos de Uso"
"UMLUseCase","mantener clientes","AAAAAAGArumzu8ZzXIo=","/taller_analisis/Diagramas/Casos de Uso"
"UMLUseCase","mantener cajas","AAAAAAGAruqd68sY8+E=","/taller_analisis/Diagramas/Casos de Uso"
"UMLUseCase","mantener timbrado","AAAAAAGAruqqSstw9l0=","/taller_analisis/Diagramas/Casos de Uso"
"UMLUseCase","mantener bancos","AAAAAAGArurJI8vICHQ=","/taller_analisis/Diagramas/Casos de Uso"
"UMLUseCase","mantener entidad emisora","AAAAAAGArurve8xIHJg=","/taller_analisis/Diagramas/Casos de Uso"
"UMLUseCase","mantener forma cobro","AAAAAAGArus3u8zI8+0=","/taller_analisis/Diagramas/Casos de Uso"
"UMLUseCase","Gestionar las cobranzas por forma de cobro","AAAAAAGAwsHKkRDvJdc=","/taller_analisis/Diagramas/Casos de Uso"
"UMLUseCase","Generar Transferencia","AAAAAAGdFYciKZSdV+c=","/taller_analisis/Diagramas/Casos de Uso"
"UMLUseCase","Buscador","AAAAAAGdFaXSQ4Sb8Jo=","/taller_analisis/Diagramas/Casos de Uso"
"UMLUseCase","Buscador","AAAAAAGdFcDf+Dwj1i0=","/taller_analisis/Diagramas/Casos de Uso"
"UMLUseCase","Registrar Diagnostico","AAAAAAGdFcrpfE8PQOY=","/taller_analisis/Diagramas/Casos de Uso"
"UMLUseCase","Buscador de OT","AAAAAAGdFcvJXFEXn9k=","/taller_analisis/Diagramas/Casos de Uso"
"UMLUseCaseDiagram","Caso de uso - generar informes","AAAAAAGdebjzkNhHMg8=","/taller_analisis/Diagramas/Casos de Uso"
"UMLUseCase","informe_referenciales","AAAAAAGdebqtIfnaANU=","/taller_analisis/Diagramas/Casos de Uso"
"UMLUseCase","informe_movimientos","AAAAAAGdebrOqfsE2rc=","/taller_analisis/Diagramas/Casos de Uso"
"UMLUseCaseDiagram","Caso de uso Informe referenciales","AAAAAAGdeb4VFw4lFSs=","/taller_analisis/Diagramas/Casos de Uso"
"UMLUseCase","informe_articulos","AAAAAAGdecCU1TJxz7E=","/taller_analisis/Diagramas/Casos de Uso"
"UMLUseCase","informe_proveedores","AAAAAAGdecDZJDOQQAc=","/taller_analisis/Diagramas/Casos de Uso"
"UMLUseCase","informe_clientes","AAAAAAGdecDzhTSQufo=","/taller_analisis/Diagramas/Casos de Uso"
"UMLUseCase","informe_empleados","AAAAAAGdecECvDWQNFw=","/taller_analisis/Diagramas/Casos de Uso"
"UMLUseCase","imprimir","AAAAAAGdecFmPkxZCgk=","/taller_analisis/Diagramas/Casos de Uso"
"UMLUseCaseDiagram","Caso de uso informe movimientos compras","AAAAAAGdecG/Z1/lNGw=","/taller_analisis/Diagramas/Casos de Uso"
"UMLUseCase","informe_pedidos","AAAAAAGdecPTs3D31jg=","/taller_analisis/Diagramas/Casos de Uso"
"UMLUseCase","informe_presupuestos","AAAAAAGdecP2wnJC11M=","/taller_analisis/Diagramas/Casos de Uso"
"UMLUseCase","informe_ordenes_de_compra","AAAAAAGdecQTknNCZ44=","/taller_analisis/Diagramas/Casos de Uso"
"UMLUseCase","informe_compras","AAAAAAGdecREdHRC6cY=","/taller_analisis/Diagramas/Casos de Uso"
"UMLUseCase","informe_libro_de_compras","AAAAAAGdecRdzHVCb1c=","/taller_analisis/Diagramas/Casos de Uso"
"UMLUseCase","informe_movimientos_stock","AAAAAAGdecSGpHZC6eI=","/taller_analisis/Diagramas/Casos de Uso"
"UMLUseCaseDiagram","Caso de uso informe movimientos servicios","AAAAAAGdecZ4D+dFZI0=","/taller_analisis/Diagramas/Casos de Uso"
"UMLUseCase","informe_compras","AAAAAAGdecfEGgFp6bs=","/taller_analisis/Diagramas/Casos de Uso"
"UMLUseCase","informe_servicios","AAAAAAGdecifEyaumiY=","/taller_analisis/Diagramas/Casos de Uso"
"UMLUseCase","informe_solicitudes_servicios","AAAAAAGdecjaLCxPxbA=","/taller_analisis/Diagramas/Casos de Uso"
"UMLUseCase","informe_presupuestos","AAAAAAGdeckOAy15L7A=","/taller_analisis/Diagramas/Casos de Uso"
"UMLUseCase","informe_ordenes_trabajo","AAAAAAGdeckgyy6jJfo=","/taller_analisis/Diagramas/Casos de Uso"
"UMLUseCase","informe_registro_servicios","AAAAAAGdeck/9S/Nvj0=","/taller_analisis/Diagramas/Casos de Uso"
"UMLUseCase","Registrar Descuentos","AAAAAAGd0PXId/DNmjQ=","/taller_analisis/Diagramas/Casos de Uso"
"UMLUseCase","mantener unidad medida","AAAAAAGd0W0jlgg7F2s=","/taller_analisis/Diagramas/Casos de Uso"
"UMLPackage","Diagrama de Actividades","AAAAAAGBaeA8oIQgsqs=","/taller_analisis/Diagramas"
"UMLPackage","Compras","AAAAAAGBaeA8oIQi1W8=","/taller_analisis/Diagramas/Diagrama de Actividades"
"UMLActivity","actividad_compra","AAAAAAGBaeA8oIQjEz4=","/taller_analisis/Diagramas/Diagrama de Actividades/Compras"
"UMLActivityDiagram","Acompra","AAAAAAGBaeA8oIQk5is=","/taller_analisis/Diagramas/Diagrama de Actividades/Compras/actividad_compra"
"UMLPackage","servicios","AAAAAAGBaeA8pohNCu0=","/taller_analisis/Diagramas/Diagrama de Actividades"
"UMLActivity","actividad_servicios","AAAAAAGBaeA8pohOTzQ=","/taller_analisis/Diagramas/Diagrama de Actividades/servicios"
"UMLActivityDiagram","Aservicios","AAAAAAGBaeA8pohPj0g=","/taller_analisis/Diagramas/Diagrama de Actividades/servicios/actividad_servicios"
"UMLPackage","Ventas","AAAAAAGBaeA8o4ZjqTo=","/taller_analisis/Diagramas/Diagrama de Actividades"
"UMLActivity","actividad_ventas","AAAAAAGBaeA8o4Zk6j0=","/taller_analisis/Diagramas/Diagrama de Actividades/Ventas"
"UMLActivityDiagram","Aventas","AAAAAAGBaeA8o4ZlGIo=","/taller_analisis/Diagramas/Diagrama de Actividades/Ventas/actividad_ventas"
"UMLPackage","Diagrama de Secuencia","AAAAAAGAqZZLUUS//N0=","/taller_analisis/Diagramas"
"UMLPackage","Gestion de Compras","AAAAAAGAqZZLUUTAP60=","/taller_analisis/Diagramas/Diagrama de Secuencia"
"UMLCollaboration","Registrar pedido","AAAAAAGAqZZLUUTB4nc=","/taller_analisis/Diagramas/Diagrama de Secuencia/Gestion de Compras"
"UMLInteraction","Agregar","AAAAAAGAqZZLUUTCOT8=","/taller_analisis/Diagramas/Diagrama de Secuencia/Gestion de Compras/Registrar pedido"
"UMLSequenceDiagram","Agregar","AAAAAAGAqZZLUUTDuE8=","/taller_analisis/Diagramas/Diagrama de Secuencia/Gestion de Compras/Registrar pedido/Agregar"
"UMLInteraction","Anular","AAAAAAGAqiIwEpKzC5Q=","/taller_analisis/Diagramas/Diagrama de Secuencia/Gestion de Compras/Registrar pedido"
"UMLSequenceDiagram","Anular","AAAAAAGAqiIwEpK0ZuI=","/taller_analisis/Diagramas/Diagrama de Secuencia/Gestion de Compras/Registrar pedido/Anular"
"UMLCollaboration","Registrar Presupuesto","AAAAAAGAqiHeHY5LLhg=","/taller_analisis/Diagramas/Diagrama de Secuencia/Gestion de Compras"
"UMLInteraction","Agregar Presupuesto","AAAAAAGAqiHeHY5MyZI=","/taller_analisis/Diagramas/Diagrama de Secuencia/Gestion de Compras/Registrar Presupuesto"
"UMLSequenceDiagram","Agregar Presupuesto","AAAAAAGAqiHeHY5Nbvw=","/taller_analisis/Diagramas/Diagrama de Secuencia/Gestion de Compras/Registrar Presupuesto/Agregar Presupuesto"
"UMLInteraction","Anular Presupuesto","AAAAAAGBMLY/Mz8zD+0=","/taller_analisis/Diagramas/Diagrama de Secuencia/Gestion de Compras/Registrar Presupuesto"
"UMLSequenceDiagram","Anular Presupuesto","AAAAAAGBMLY/Mz80LzI=","/taller_analisis/Diagramas/Diagrama de Secuencia/Gestion de Compras/Registrar Presupuesto/Anular Presupuesto"
"UMLCollaboration","Generar Orden de Compra","AAAAAAGBK2rUNlDKIaU=","/taller_analisis/Diagramas/Diagrama de Secuencia/Gestion de Compras"
"UMLInteraction","Agregar Orden de Compra","AAAAAAGBK2rUNlDLmzs=","/taller_analisis/Diagramas/Diagrama de Secuencia/Gestion de Compras/Generar Orden de Compra"
"UMLSequenceDiagram","Agregar Orden de Compra","AAAAAAGBK2rUNlDMKOQ=","/taller_analisis/Diagramas/Diagrama de Secuencia/Gestion de Compras/Generar Orden de Compra/Agregar Orden de Compra"
"UMLInteraction","Anular Orden de Compra","AAAAAAGBMK/mUi7FNhI=","/taller_analisis/Diagramas/Diagrama de Secuencia/Gestion de Compras/Generar Orden de Compra"
"UMLSequenceDiagram","Anular Orden de Compra","AAAAAAGBMK/mUi7GQSQ=","/taller_analisis/Diagramas/Diagrama de Secuencia/Gestion de Compras/Generar Orden de Compra/Anular Orden de Compra"
"UMLCollaboration","Registrar Compra","AAAAAAGBK3XGdF1vqqo=","/taller_analisis/Diagramas/Diagrama de Secuencia/Gestion de Compras"
"UMLInteraction","Agregar Compra","AAAAAAGBK3XGdF1wgGA=","/taller_analisis/Diagramas/Diagrama de Secuencia/Gestion de Compras/Registrar Compra"
"UMLSequenceDiagram","Agregar Compra","AAAAAAGBK3XGdF1xVw0=","/taller_analisis/Diagramas/Diagrama de Secuencia/Gestion de Compras/Registrar Compra/Agregar Compra"
"UMLInteraction","Anular Compra","AAAAAAGBMOyROlV6pdY=","/taller_analisis/Diagramas/Diagrama de Secuencia/Gestion de Compras/Registrar Compra"
"UMLSequenceDiagram","Anular Compra","AAAAAAGBMOyROlV74yg=","/taller_analisis/Diagramas/Diagrama de Secuencia/Gestion de Compras/Registrar Compra/Anular Compra"
"UMLCollaboration","Registrar Nota de Remision","AAAAAAGBK3gXlGnwCuQ=","/taller_analisis/Diagramas/Diagrama de Secuencia/Gestion de Compras"
"UMLInteraction","Agregar Nota de Remision","AAAAAAGBK3gXlGnxQU4=","/taller_analisis/Diagramas/Diagrama de Secuencia/Gestion de Compras/Registrar Nota de Remision"
"UMLSequenceDiagram","Agregar Nota de Remision","AAAAAAGBK3gXlGnyKU0=","/taller_analisis/Diagramas/Diagrama de Secuencia/Gestion de Compras/Registrar Nota de Remision/Agregar Nota de Remision"
"UMLInteraction","Anular Nota de Remision","AAAAAAGBMSdTU3ka6TE=","/taller_analisis/Diagramas/Diagrama de Secuencia/Gestion de Compras/Registrar Nota de Remision"
"UMLSequenceDiagram","Anular Nota de Remision","AAAAAAGBMSdTU3kbyF4=","/taller_analisis/Diagramas/Diagrama de Secuencia/Gestion de Compras/Registrar Nota de Remision/Anular Nota de Remision"
"UMLCollaboration","Registrar notas de crÃ©dito y dÃ©bito","AAAAAAGBK3os/XYshlY=","/taller_analisis/Diagramas/Diagrama de Secuencia/Gestion de Compras"
"UMLInteraction","Agregar ND NC","AAAAAAGBK3os/XYtLgI=","/taller_analisis/Diagramas/Diagrama de Secuencia/Gestion de Compras/Registrar notas de crÃ©dito y dÃ©bito"
"UMLSequenceDiagram","Agregar ND NC","AAAAAAGBK3os/XYubNQ=","/taller_analisis/Diagramas/Diagrama de Secuencia/Gestion de Compras/Registrar notas de crÃ©dito y dÃ©bito/Agregar ND NC"
"UMLInteraction","Anular ND NC","AAAAAAGBPBDXRZ5Vkqk=","/taller_analisis/Diagramas/Diagrama de Secuencia/Gestion de Compras/Registrar notas de crÃ©dito y dÃ©bito"
"UMLSequenceDiagram","Anular ND NC","AAAAAAGBPBDXRZ5WndQ=","/taller_analisis/Diagramas/Diagrama de Secuencia/Gestion de Compras/Registrar notas de crÃ©dito y dÃ©bito/Anular ND NC"
"UMLCollaboration","Registrar ajuste de inventario","AAAAAAGBK4ZsVIPIa5E=","/taller_analisis/Diagramas/Diagrama de Secuencia/Gestion de Compras"
"UMLInteraction","Agregar Ajuste de Inventario","AAAAAAGBK4ZsVIPJgDM=","/taller_analisis/Diagramas/Diagrama de Secuencia/Gestion de Compras/Registrar ajuste de inventario"
"UMLSequenceDiagram","Agregar Ajuste de Inventario","AAAAAAGBK4ZsVIPKH3w=","/taller_analisis/Diagramas/Diagrama de Secuencia/Gestion de Compras/Registrar ajuste de inventario/Agregar Ajuste de Inventario"
"UMLInteraction","Anular Ajuste de Inventario","AAAAAAGBMUd0jqiQRAY=","/taller_analisis/Diagramas/Diagrama de Secuencia/Gestion de Compras/Registrar ajuste de inventario"
"UMLSequenceDiagram","Anular Ajuste de Inventario","AAAAAAGBMUd0jqiRxyM=","/taller_analisis/Diagramas/Diagrama de Secuencia/Gestion de Compras/Registrar ajuste de inventario/Anular Ajuste de Inventario"
"UMLPackage","GestiÃ³n de Servicios","AAAAAAGAqZZLUUTaGA0=","/taller_analisis/Diagramas/Diagrama de Secuencia"
"UMLCollaboration","Registrar Solicitud de servicios","AAAAAAGBLuYVLnv5iSs=","/taller_analisis/Diagramas/Diagrama de Secuencia/GestiÃ³n de Servicios"
"UMLInteraction","Agregar Solicitud de servicios","AAAAAAGBLuYVLnv6Q7I=","/taller_analisis/Diagramas/Diagrama de Secuencia/GestiÃ³n de Servicios/Registrar Solicitud de servicios"
"UMLSequenceDiagram","Agregar  Solicitud de servicios","AAAAAAGBLuYVLnv7NqQ=","/taller_analisis/Diagramas/Diagrama de Secuencia/GestiÃ³n de Servicios/Registrar Solicitud de servicios/Agregar Solicitud de servicios"
"UMLInteraction","Anular  Solicitud de servicios","AAAAAAGBNCwAtRJz94U=","/taller_analisis/Diagramas/Diagrama de Secuencia/GestiÃ³n de Servicios/Registrar Solicitud de servicios"
"UMLSequenceDiagram","Anular  Solicitud de servicios","AAAAAAGBNCwAtRJ03g8=","/taller_analisis/Diagramas/Diagrama de Secuencia/GestiÃ³n de Servicios/Registrar Solicitud de servicios/Anular  Solicitud de servicios"
"UMLCollaboration","Registrar Promociones y Descuentos","AAAAAAGBLucjTIie8FQ=","/taller_analisis/Diagramas/Diagrama de Secuencia/GestiÃ³n de Servicios"
"UMLInteraction","Agregar Promociones y Descuentos","AAAAAAGBLucjTIifAbo=","/taller_analisis/Diagramas/Diagrama de Secuencia/GestiÃ³n de Servicios/Registrar Promociones y Descuentos"
"UMLSequenceDiagram","Agregar Promociones y Descuentos","AAAAAAGBLucjTIigtpM=","/taller_analisis/Diagramas/Diagrama de Secuencia/GestiÃ³n de Servicios/Registrar Promociones y Descuentos/Agregar Promociones y Descuentos"
"UMLInteraction","Anular Promociones y Descuentos","AAAAAAGBNEKx9CZQ9oQ=","/taller_analisis/Diagramas/Diagrama de Secuencia/GestiÃ³n de Servicios/Registrar Promociones y Descuentos"
"UMLSequenceDiagram","Anular Promociones y Descuentos","AAAAAAGBNEKx9CZRqNQ=","/taller_analisis/Diagramas/Diagrama de Secuencia/GestiÃ³n de Servicios/Registrar Promociones y Descuentos/Anular Promociones y Descuentos"
"UMLCollaboration","Registrar Presupuesto","AAAAAAGBLuik3pTXtNM=","/taller_analisis/Diagramas/Diagrama de Secuencia/GestiÃ³n de Servicios"
"UMLInteraction","Agregar Presupuesto","AAAAAAGBLuik3pTY7jc=","/taller_analisis/Diagramas/Diagrama de Secuencia/GestiÃ³n de Servicios/Registrar Presupuesto"
"UMLSequenceDiagram","Agregar Presupuesto","AAAAAAGBLuik3pTZwSA=","/taller_analisis/Diagramas/Diagrama de Secuencia/GestiÃ³n de Servicios/Registrar Presupuesto/Agregar Presupuesto"
"UMLInteraction","Anular Presupuesto","AAAAAAGBSkkWdg4UNtY=","/taller_analisis/Diagramas/Diagrama de Secuencia/GestiÃ³n de Servicios/Registrar Presupuesto"
"UMLSequenceDiagram","Anular Presupuesto","AAAAAAGBSkkWdw4V12E=","/taller_analisis/Diagramas/Diagrama de Secuencia/GestiÃ³n de Servicios/Registrar Presupuesto/Anular Presupuesto"
"UMLCollaboration","Registrar contrato de servicio","AAAAAAGBLupL46ISz/0=","/taller_analisis/Diagramas/Diagrama de Secuencia/GestiÃ³n de Servicios"
"UMLInteraction","Agregar Contrato de servicio","AAAAAAGBLupL46ITkDs=","/taller_analisis/Diagramas/Diagrama de Secuencia/GestiÃ³n de Servicios/Registrar contrato de servicio"
"UMLSequenceDiagram","Agregar contrato de servicio","AAAAAAGBLupL46IUKW4=","/taller_analisis/Diagramas/Diagrama de Secuencia/GestiÃ³n de Servicios/Registrar contrato de servicio/Agregar Contrato de servicio"
"UMLInteraction","Anular Contrato de servicio","AAAAAAGBNGLBC0etIRQ=","/taller_analisis/Diagramas/Diagrama de Secuencia/GestiÃ³n de Servicios/Registrar contrato de servicio"
"UMLSequenceDiagram","Anular Contrato de servicio","AAAAAAGBNGLBC0euD6Q=","/taller_analisis/Diagramas/Diagrama de Secuencia/GestiÃ³n de Servicios/Registrar contrato de servicio/Anular Contrato de servicio"
"UMLCollaboration","Generar Orden de Trabajo","AAAAAAGBLvBr469xSbQ=","/taller_analisis/Diagramas/Diagrama de Secuencia/GestiÃ³n de Servicios"
"UMLInteraction","Agregar Orden de Trabajo","AAAAAAGBLvBr469y0Z4=","/taller_analisis/Diagramas/Diagrama de Secuencia/GestiÃ³n de Servicios/Generar Orden de Trabajo"
"UMLSequenceDiagram","Agregar Orden de Trabajo","AAAAAAGBLvBr469zq1M=","/taller_analisis/Diagramas/Diagrama de Secuencia/GestiÃ³n de Servicios/Generar Orden de Trabajo/Agregar Orden de Trabajo"
"UMLInteraction","no usar","AAAAAAGBVOKoDUDvdFM=","/taller_analisis/Diagramas/Diagrama de Secuencia/GestiÃ³n de Servicios/Generar Orden de Trabajo"
"UMLSequenceDiagram","Anular Orden de Trabajo","AAAAAAGBVOKoDUDwDKk=","/taller_analisis/Diagramas/Diagrama de Secuencia/GestiÃ³n de Servicios/Generar Orden de Trabajo/no usar"
"UMLInteraction","Anular Orden de Trabajo","AAAAAAGdwkiHGly7XTw=","/taller_analisis/Diagramas/Diagrama de Secuencia/GestiÃ³n de Servicios/Generar Orden de Trabajo"
"UMLSequenceDiagram","Anular Orden de Trabajo","AAAAAAGdwkiHGly84xE=","/taller_analisis/Diagramas/Diagrama de Secuencia/GestiÃ³n de Servicios/Generar Orden de Trabajo/Anular Orden de Trabajo"
"UMLCollaboration","Registrar Servicios y Registrar insumos utilizados","AAAAAAGBLvGVm7wc6Ts=","/taller_analisis/Diagramas/Diagrama de Secuencia/GestiÃ³n de Servicios"
"UMLInteraction","Agregar servicios e insumos utilizados","AAAAAAGBLvGVm7wdsFg=","/taller_analisis/Diagramas/Diagrama de Secuencia/GestiÃ³n de Servicios/Registrar Servicios y Registrar insumos utilizados"
"UMLSequenceDiagram","Agregar servicios e insumos utilizados","AAAAAAGBLvGVm7weiiY=","/taller_analisis/Diagramas/Diagrama de Secuencia/GestiÃ³n de Servicios/Registrar Servicios y Registrar insumos utilizados/Agregar servicios e insumos utilizados"
"UMLInteraction","Anular servicios e insumos utilizados","AAAAAAGBVR77SaLep80=","/taller_analisis/Diagramas/Diagrama de Secuencia/GestiÃ³n de Servicios/Registrar Servicios y Registrar insumos utilizados"
"UMLSequenceDiagram","Anular servicios e insumos utilizados","AAAAAAGBVR77SaLf/8w=","/taller_analisis/Diagramas/Diagrama de Secuencia/GestiÃ³n de Servicios/Registrar Servicios y Registrar insumos utilizados/Anular servicios e insumos utilizados"
"UMLCollaboration","Registrar Reclamos de Clientes","AAAAAAGBLvMYHMjCSdQ=","/taller_analisis/Diagramas/Diagrama de Secuencia/GestiÃ³n de Servicios"
"UMLInteraction","Agregar Reclamos de Clientes","AAAAAAGBLvMYHMjDRec=","/taller_analisis/Diagramas/Diagrama de Secuencia/GestiÃ³n de Servicios/Registrar Reclamos de Clientes"
"UMLSequenceDiagram","Agregar Reclamos de Clientes","AAAAAAGBLvMYHMjEg3I=","/taller_analisis/Diagramas/Diagrama de Secuencia/GestiÃ³n de Servicios/Registrar Reclamos de Clientes/Agregar Reclamos de Clientes"
"UMLInteraction","Anular Reclamos de Clientes","AAAAAAGBVYmiTMsdyMk=","/taller_analisis/Diagramas/Diagrama de Secuencia/GestiÃ³n de Servicios/Registrar Reclamos de Clientes"
"UMLSequenceDiagram","Anular Reclamos de Clientes","AAAAAAGBVYmiTMseSgM=","/taller_analisis/Diagramas/Diagrama de Secuencia/GestiÃ³n de Servicios/Registrar Reclamos de Clientes/Anular Reclamos de Clientes"
"UMLCollaboration","Collaboration1","AAAAAAGdxH6ImImAxXo=","/taller_analisis/Diagramas/Diagrama de Secuencia/GestiÃ³n de Servicios"
"UMLInteraction","Interaction1","AAAAAAGdxH6ImImBvkY=","/taller_analisis/Diagramas/Diagrama de Secuencia/GestiÃ³n de Servicios/Collaboration1"
"UMLSequenceDiagram","SequenceDiagram1","AAAAAAGdxH6ImImCZIM=","/taller_analisis/Diagramas/Diagrama de Secuencia/GestiÃ³n de Servicios/Collaboration1/Interaction1"
"UMLPackage","GestiÃ³n de FacturaciÃ³n","AAAAAAGAqZZLUUTbeC0=","/taller_analisis/Diagramas/Diagrama de Secuencia"
"UMLCollaboration","Registrar apertura de caja Generar cierre de caja Generar recaudaciones a depositar","AAAAAAGBLwethNWVZJk=","/taller_analisis/Diagramas/Diagrama de Secuencia/GestiÃ³n de FacturaciÃ³n"
"UMLInteraction","Apertura de Caja","AAAAAAGBLwethNWWIEQ=","/taller_analisis/Diagramas/Diagrama de Secuencia/GestiÃ³n de FacturaciÃ³n/Registrar apertura de caja Generar cierre de caja Generar recaudaciones a depositar"
"UMLSequenceDiagram","Apertura de Caja","AAAAAAGBLwethNWXdeY=","/taller_analisis/Diagramas/Diagrama de Secuencia/GestiÃ³n de FacturaciÃ³n/Registrar apertura de caja Generar cierre de caja Generar recaudaciones a depositar/Apertura de Caja"
"UMLInteraction","Cierre de Caja","AAAAAAGBNRmVa6oxnuc=","/taller_analisis/Diagramas/Diagrama de Secuencia/GestiÃ³n de FacturaciÃ³n/Registrar apertura de caja Generar cierre de caja Generar recaudaciones a depositar"
"UMLSequenceDiagram","Cierre de Caja","AAAAAAGBNRmVa6oykwQ=","/taller_analisis/Diagramas/Diagrama de Secuencia/GestiÃ³n de FacturaciÃ³n/Registrar apertura de caja Generar cierre de caja Generar recaudaciones a depositar/Cierre de Caja"
"UMLCollaboration","Generar el arqueo de caja","AAAAAAGBLxmJJ+NIyjw=","/taller_analisis/Diagramas/Diagrama de Secuencia/GestiÃ³n de FacturaciÃ³n"
"UMLInteraction","Agregar arqueo de caja","AAAAAAGBLxmJJ+NJrhE=","/taller_analisis/Diagramas/Diagrama de Secuencia/GestiÃ³n de FacturaciÃ³n/Generar el arqueo de caja"
"UMLSequenceDiagram","Agregar arqueo de Caja","AAAAAAGBLxmJJ+NKGXE=","/taller_analisis/Diagramas/Diagrama de Secuencia/GestiÃ³n de FacturaciÃ³n/Generar el arqueo de caja/Agregar arqueo de caja"
"UMLInteraction","Anular Arqueo de Caja","AAAAAAGBWSgAJdPQ0j8=","/taller_analisis/Diagramas/Diagrama de Secuencia/GestiÃ³n de FacturaciÃ³n/Generar el arqueo de caja"
"UMLSequenceDiagram","Anular Arqueo de Caja","AAAAAAGBWSgAJdPRY2A=","/taller_analisis/Diagramas/Diagrama de Secuencia/GestiÃ³n de FacturaciÃ³n/Generar el arqueo de caja/Anular Arqueo de Caja"
"UMLCollaboration","Gestionar Ventas","AAAAAAGBLxxA1O+ry9I=","/taller_analisis/Diagramas/Diagrama de Secuencia/GestiÃ³n de FacturaciÃ³n"
"UMLInteraction","Agregar Venta","AAAAAAGBLxxA1O+smLo=","/taller_analisis/Diagramas/Diagrama de Secuencia/GestiÃ³n de FacturaciÃ³n/Gestionar Ventas"
"UMLSequenceDiagram","Agregar Venta","AAAAAAGBLxxA1O+tS/s=","/taller_analisis/Diagramas/Diagrama de Secuencia/GestiÃ³n de FacturaciÃ³n/Gestionar Ventas/Agregar Venta"
"UMLInteraction","Anular Venta","AAAAAAGBNTzLEdh368Y=","/taller_analisis/Diagramas/Diagrama de Secuencia/GestiÃ³n de FacturaciÃ³n/Gestionar Ventas"
"UMLSequenceDiagram","Anular Venta","AAAAAAGBNTzLEdh4iso=","/taller_analisis/Diagramas/Diagrama de Secuencia/GestiÃ³n de FacturaciÃ³n/Gestionar Ventas/Anular Venta"
"UMLCollaboration","Gestionar las cobranzas por forma de cobro","AAAAAAGBLx0b0PxQWMY=","/taller_analisis/Diagramas/Diagrama de Secuencia/GestiÃ³n de FacturaciÃ³n"
"UMLInteraction","Agregar Cobro","AAAAAAGBLx0b0PxRuDg=","/taller_analisis/Diagramas/Diagrama de Secuencia/GestiÃ³n de FacturaciÃ³n/Gestionar las cobranzas por forma de cobro"
"UMLSequenceDiagram","Agregar Cobro","AAAAAAGBLx0b0PxS+vI=","/taller_analisis/Diagramas/Diagrama de Secuencia/GestiÃ³n de FacturaciÃ³n/Gestionar las cobranzas por forma de cobro/Agregar Cobro"
"UMLInteraction","Anular Cobro","AAAAAAGBXTt4XqNBSXQ=","/taller_analisis/Diagramas/Diagrama de Secuencia/GestiÃ³n de FacturaciÃ³n/Gestionar las cobranzas por forma de cobro"
"UMLSequenceDiagram","Anular Cobro","AAAAAAGBXTt4XqNCLAw=","/taller_analisis/Diagramas/Diagrama de Secuencia/GestiÃ³n de FacturaciÃ³n/Gestionar las cobranzas por forma de cobro/Anular Cobro"
"UMLCollaboration","Gestionar notas de crÃ©dito y dÃ©bito","AAAAAAGBLx9+4Qj4vIc=","/taller_analisis/Diagramas/Diagrama de Secuencia/GestiÃ³n de FacturaciÃ³n"
"UMLInteraction","Agregar ND NC","AAAAAAGBLx9+4Qj56pE=","/taller_analisis/Diagramas/Diagrama de Secuencia/GestiÃ³n de FacturaciÃ³n/Gestionar notas de crÃ©dito y dÃ©bito"
"UMLSequenceDiagram","Agregar ND NC","AAAAAAGBLx9+4Qj6giw=","/taller_analisis/Diagramas/Diagrama de Secuencia/GestiÃ³n de FacturaciÃ³n/Gestionar notas de crÃ©dito y dÃ©bito/Agregar ND NC"
"UMLInteraction","Anular ND NC","AAAAAAGBXix77OYhRZU=","/taller_analisis/Diagramas/Diagrama de Secuencia/GestiÃ³n de FacturaciÃ³n/Gestionar notas de crÃ©dito y dÃ©bito"
"UMLSequenceDiagram","Anular ND NC","AAAAAAGBXix77OYivcw=","/taller_analisis/Diagramas/Diagrama de Secuencia/GestiÃ³n de FacturaciÃ³n/Gestionar notas de crÃ©dito y dÃ©bito/Anular ND NC"
"UMLCollaboration","Registrar nota de remisiÃ³n","AAAAAAGBLyCAcBWdsdY=","/taller_analisis/Diagramas/Diagrama de Secuencia/GestiÃ³n de FacturaciÃ³n"
"UMLInteraction","Agregar Nota de RemisiÃ³n","AAAAAAGBLyCAcRWeV/Y=","/taller_analisis/Diagramas/Diagrama de Secuencia/GestiÃ³n de FacturaciÃ³n/Registrar nota de remisiÃ³n"
"UMLSequenceDiagram","Agregar Nota de RemisiÃ³n","AAAAAAGBLyCAcRWf0Mo=","/taller_analisis/Diagramas/Diagrama de Secuencia/GestiÃ³n de FacturaciÃ³n/Registrar nota de remisiÃ³n/Agregar Nota de RemisiÃ³n"
"UMLInteraction","Anular Nota de RemisiÃ³n","AAAAAAGBXsjySyxTj8o=","/taller_analisis/Diagramas/Diagrama de Secuencia/GestiÃ³n de FacturaciÃ³n/Registrar nota de remisiÃ³n"
"UMLSequenceDiagram","Anular Nota de RemisiÃ³n","AAAAAAGBXsjySyxUHSA=","/taller_analisis/Diagramas/Diagrama de Secuencia/GestiÃ³n de FacturaciÃ³n/Registrar nota de remisiÃ³n/Anular Nota de RemisiÃ³n"
"UMLPackage","Mantener referenciales","AAAAAAGddIa94j7sZ7I=","/taller_analisis/Diagramas/Diagrama de Secuencia"
"UMLPackage","Compras","AAAAAAGddIiXp0VcdeY=","/taller_analisis/Diagramas/Diagrama de Secuencia/Mantener referenciales"
"UMLCollaboration","cargos","AAAAAAGddIhXdz7w46Q=","/taller_analisis/Diagramas/Diagrama de Secuencia/Mantener referenciales/Compras"
"UMLInteraction","agregar cargo","AAAAAAGddIhXdz7xW20=","/taller_analisis/Diagramas/Diagrama de Secuencia/Mantener referenciales/Compras/cargos"
"UMLSequenceDiagram","agregar cargo","AAAAAAGddIhXdz7yka0=","/taller_analisis/Diagramas/Diagrama de Secuencia/Mantener referenciales/Compras/cargos/agregar cargo"
"UMLInteraction","editar cargo","AAAAAAGddJeNgkelFZA=","/taller_analisis/Diagramas/Diagrama de Secuencia/Mantener referenciales/Compras/cargos"
"UMLSequenceDiagram","editar cargo","AAAAAAGddJeNgkemHo8=","/taller_analisis/Diagramas/Diagrama de Secuencia/Mantener referenciales/Compras/cargos/editar cargo"
"UMLInteraction","eliminar cargo","AAAAAAGddKUwYlC2yD8=","/taller_analisis/Diagramas/Diagrama de Secuencia/Mantener referenciales/Compras/cargos"
"UMLSequenceDiagram","eliminar cargo","AAAAAAGddKUwYlC3l6I=","/taller_analisis/Diagramas/Diagrama de Secuencia/Mantener referenciales/Compras/cargos/eliminar cargo"
"UMLCollaboration","articulos","AAAAAAGdfnLDV++Eb5o=","/taller_analisis/Diagramas/Diagrama de Secuencia/Mantener referenciales/Compras"
"UMLInteraction","agregar articulo","AAAAAAGdfnLDV++Fp1o=","/taller_analisis/Diagramas/Diagrama de Secuencia/Mantener referenciales/Compras/articulos"
"UMLSequenceDiagram","agregar articulo","AAAAAAGdfnLDV++GQcg=","/taller_analisis/Diagramas/Diagrama de Secuencia/Mantener referenciales/Compras/articulos/agregar articulo"
"UMLInteraction","editar articulo","AAAAAAGdgyWP1tT8Jyc=","/taller_analisis/Diagramas/Diagrama de Secuencia/Mantener referenciales/Compras/articulos"
"UMLSequenceDiagram","editar articulo","AAAAAAGdgyWP1tT93vc=","/taller_analisis/Diagramas/Diagrama de Secuencia/Mantener referenciales/Compras/articulos/editar articulo"
"UMLInteraction","eliminar articulo","AAAAAAGdgyqV9fGxarg=","/taller_analisis/Diagramas/Diagrama de Secuencia/Mantener referenciales/Compras/articulos"
"UMLSequenceDiagram","eliminar articulo","AAAAAAGdgyqV9fGyQhc=","/taller_analisis/Diagramas/Diagrama de Secuencia/Mantener referenciales/Compras/articulos/eliminar articulo"
"UMLCollaboration","editar articulo","AAAAAAGdgyWP1tT7htE=","/taller_analisis/Diagramas/Diagrama de Secuencia/Mantener referenciales/Compras/articulos"
"UMLCollaboration","eliminar articulo","AAAAAAGdgyqV9fGw+Xs=","/taller_analisis/Diagramas/Diagrama de Secuencia/Mantener referenciales/Compras/articulos"
"UMLCollaboration","empleados","AAAAAAGdfvNajAjy5mY=","/taller_analisis/Diagramas/Diagrama de Secuencia/Mantener referenciales/Compras"
"UMLInteraction","agregar empleado","AAAAAAGdfvNajAjzwz0=","/taller_analisis/Diagramas/Diagrama de Secuencia/Mantener referenciales/Compras/empleados"
"UMLSequenceDiagram","agregar empleado","AAAAAAGdfvNajAj04/w=","/taller_analisis/Diagramas/Diagrama de Secuencia/Mantener referenciales/Compras/empleados/agregar empleado"
"UMLCollaboration","editar empleado","AAAAAAGdg06z6BxwYHM=","/taller_analisis/Diagramas/Diagrama de Secuencia/Mantener referenciales/Compras/empleados"
"UMLCollaboration","eliminar empleado","AAAAAAGdg1e0QCYwRAU=","/taller_analisis/Diagramas/Diagrama de Secuencia/Mantener referenciales/Compras/empleados"
"UMLInteraction","editar empleado","AAAAAAGdg06z6BxxUE4=","/taller_analisis/Diagramas/Diagrama de Secuencia/Mantener referenciales/Compras/empleados"
"UMLSequenceDiagram","editar empleado","AAAAAAGdg06z6BxyFMU=","/taller_analisis/Diagramas/Diagrama de Secuencia/Mantener referenciales/Compras/empleados/editar empleado"
"UMLInteraction","eliminar empleado","AAAAAAGdg1e0QCYx6Vo=","/taller_analisis/Diagramas/Diagrama de Secuencia/Mantener referenciales/Compras/empleados"
"UMLSequenceDiagram","eliminar empleado","AAAAAAGdg1e0QCYygAc=","/taller_analisis/Diagramas/Diagrama de Secuencia/Mantener referenciales/Compras/empleados/eliminar empleado"
"UMLCollaboration","sucursales","AAAAAAGdg5LwkT8R9p0=","/taller_analisis/Diagramas/Diagrama de Secuencia/Mantener referenciales/Compras"
"UMLInteraction","agregar sucursal","AAAAAAGdg5LwkT8SvnI=","/taller_analisis/Diagramas/Diagrama de Secuencia/Mantener referenciales/Compras/sucursales"
"UMLSequenceDiagram","agregar sucursal","AAAAAAGdg5LwkT8Tw/0=","/taller_analisis/Diagramas/Diagrama de Secuencia/Mantener referenciales/Compras/sucursales/agregar sucursal"
"UMLCollaboration","editar sucursal","AAAAAAGdg6yMi0en29Y=","/taller_analisis/Diagramas/Diagrama de Secuencia/Mantener referenciales/Compras/sucursales"
"UMLCollaboration","eliminar sucursal","AAAAAAGdg6yjYk/ewpw=","/taller_analisis/Diagramas/Diagrama de Secuencia/Mantener referenciales/Compras/sucursales"
"UMLInteraction","editar sucursal","AAAAAAGdg6yMi0eoo5g=","/taller_analisis/Diagramas/Diagrama de Secuencia/Mantener referenciales/Compras/sucursales"
"UMLSequenceDiagram","editar sucursal","AAAAAAGdg6yMi0ep3ns=","/taller_analisis/Diagramas/Diagrama de Secuencia/Mantener referenciales/Compras/sucursales/editar sucursal"
"UMLInteraction","eliminar sucursal","AAAAAAGdg6yjYk/fXVQ=","/taller_analisis/Diagramas/Diagrama de Secuencia/Mantener referenciales/Compras/sucursales"
"UMLSequenceDiagram","eliminar sucursal","AAAAAAGdg6yjYk/gO+M=","/taller_analisis/Diagramas/Diagrama de Secuencia/Mantener referenciales/Compras/sucursales/eliminar sucursal"
"UMLCollaboration","usuarios","AAAAAAGdg/FyFYmc4kk=","/taller_analisis/Diagramas/Diagrama de Secuencia/Mantener referenciales/Compras"
"UMLInteraction","agregar usuario","AAAAAAGdg/FyFYmdoNI=","/taller_analisis/Diagramas/Diagrama de Secuencia/Mantener referenciales/Compras/usuarios"
"UMLSequenceDiagram","agregar usuario","AAAAAAGdg/FyFYmeazc=","/taller_analisis/Diagramas/Diagrama de Secuencia/Mantener referenciales/Compras/usuarios/agregar usuario"
"UMLCollaboration","editar usuario","AAAAAAGdhArsYpMzlwE=","/taller_analisis/Diagramas/Diagrama de Secuencia/Mantener referenciales/Compras/usuarios"
"UMLCollaboration","eliminar usuario","AAAAAAGdhAr48ZwlTRQ=","/taller_analisis/Diagramas/Diagrama de Secuencia/Mantener referenciales/Compras/usuarios"
"UMLInteraction","editar usuario","AAAAAAGdhArsYpM0mII=","/taller_analisis/Diagramas/Diagrama de Secuencia/Mantener referenciales/Compras/usuarios"
"UMLSequenceDiagram","editar usuario","AAAAAAGdhArsYpM1oCQ=","/taller_analisis/Diagramas/Diagrama de Secuencia/Mantener referenciales/Compras/usuarios/editar usuario"
"UMLInteraction","eliminar usuario","AAAAAAGdhAr48Zwmoiw=","/taller_analisis/Diagramas/Diagrama de Secuencia/Mantener referenciales/Compras/usuarios"
"UMLSequenceDiagram","eliminar usuario","AAAAAAGdhAr48ZwnAjg=","/taller_analisis/Diagramas/Diagrama de Secuencia/Mantener referenciales/Compras/usuarios/eliminar usuario"
"UMLCollaboration","clientes","AAAAAAGdiWEvtVnqjNE=","/taller_analisis/Diagramas/Diagrama de Secuencia/Mantener referenciales/Compras"
"UMLInteraction","agregar cliente","AAAAAAGdiWEvtVnrTK0=","/taller_analisis/Diagramas/Diagrama de Secuencia/Mantener referenciales/Compras/clientes"
"UMLSequenceDiagram","agregar cliente","AAAAAAGdiWEvtVnssak=","/taller_analisis/Diagramas/Diagrama de Secuencia/Mantener referenciales/Compras/clientes/agregar cliente"
"UMLInteraction","editar cliente","AAAAAAGdjoOisbneCc4=","/taller_analisis/Diagramas/Diagrama de Secuencia/Mantener referenciales/Compras/clientes"
"UMLSequenceDiagram","editar cliente","AAAAAAGdjoOisbnf4ps=","/taller_analisis/Diagramas/Diagrama de Secuencia/Mantener referenciales/Compras/clientes/editar cliente"
"UMLInteraction","eliminar cliente","AAAAAAGdjoocK8SA3Ew=","/taller_analisis/Diagramas/Diagrama de Secuencia/Mantener referenciales/Compras/clientes"
"UMLSequenceDiagram","eliminar cliente","AAAAAAGdjoocK8SBd64=","/taller_analisis/Diagramas/Diagrama de Secuencia/Mantener referenciales/Compras/clientes/eliminar cliente"
"UMLCollaboration","modelo_auto","AAAAAAGdjpJ2KM4f3qs=","/taller_analisis/Diagramas/Diagrama de Secuencia/Mantener referenciales/Compras"
"UMLInteraction","agregar modelo auto","AAAAAAGdjpJ2KM4gDO8=","/taller_analisis/Diagramas/Diagrama de Secuencia/Mantener referenciales/Compras/modelo_auto"
"UMLSequenceDiagram","agregar modelo auto","AAAAAAGdjpJ2KM4hoSA=","/taller_analisis/Diagramas/Diagrama de Secuencia/Mantener referenciales/Compras/modelo_auto/agregar modelo auto"
"UMLInteraction","editar modelo auto","AAAAAAGdjpz/mN99bHs=","/taller_analisis/Diagramas/Diagrama de Secuencia/Mantener referenciales/Compras/modelo_auto"
"UMLSequenceDiagram","editar modelo auto","AAAAAAGdjpz/mN9+NL4=","/taller_analisis/Diagramas/Diagrama de Secuencia/Mantener referenciales/Compras/modelo_auto/editar modelo auto"
"UMLInteraction","eliminar modelo auto","AAAAAAGdjp0g6OeGUFM=","/taller_analisis/Diagramas/Diagrama de Secuencia/Mantener referenciales/Compras/modelo_auto"
"UMLSequenceDiagram","eliminar modelo auto","AAAAAAGdjp0g6OeHTyY=","/taller_analisis/Diagramas/Diagrama de Secuencia/Mantener referenciales/Compras/modelo_auto/eliminar modelo auto"
"UMLCollaboration","proveedores","AAAAAAGdjruSu/MU9Ho=","/taller_analisis/Diagramas/Diagrama de Secuencia/Mantener referenciales/Compras"
"UMLInteraction","agregar proveedor","AAAAAAGdjtKvCQ3ywrs=","/taller_analisis/Diagramas/Diagrama de Secuencia/Mantener referenciales/Compras/proveedores"
"UMLSequenceDiagram","agregar proveedor","AAAAAAGdjtKvCQ3zBh8=","/taller_analisis/Diagramas/Diagrama de Secuencia/Mantener referenciales/Compras/proveedores/agregar proveedor"
"UMLInteraction","editar proveedor","AAAAAAGdjruSu/MV3ww=","/taller_analisis/Diagramas/Diagrama de Secuencia/Mantener referenciales/Compras/proveedores"
"UMLSequenceDiagram","editar proveedor","AAAAAAGdjruSu/MWVAw=","/taller_analisis/Diagramas/Diagrama de Secuencia/Mantener referenciales/Compras/proveedores/editar proveedor"
"UMLInteraction","eliminar proveedor","AAAAAAGdjtLr2hX/EgE=","/taller_analisis/Diagramas/Diagrama de Secuencia/Mantener referenciales/Compras/proveedores"
"UMLSequenceDiagram","eliminar proveedor","AAAAAAGdjtLr2hYA9CI=","/taller_analisis/Diagramas/Diagrama de Secuencia/Mantener referenciales/Compras/proveedores/eliminar proveedor"
"UMLCollaboration","categorias","AAAAAAGdk0xpreTj/Eo=","/taller_analisis/Diagramas/Diagrama de Secuencia/Mantener referenciales/Compras"
"UMLInteraction","agregar categoria","AAAAAAGdk0xpreTkNtc=","/taller_analisis/Diagramas/Diagrama de Secuencia/Mantener referenciales/Compras/categorias"
"UMLSequenceDiagram","agregar categoria","AAAAAAGdk0xpreTlx5E=","/taller_analisis/Diagramas/Diagrama de Secuencia/Mantener referenciales/Compras/categorias/agregar categoria"
"UMLInteraction","editar categoria","AAAAAAGdk1MKXu2zONA=","/taller_analisis/Diagramas/Diagrama de Secuencia/Mantener referenciales/Compras/categorias"
"UMLSequenceDiagram","editar categoria","AAAAAAGdk1MKXu20D14=","/taller_analisis/Diagramas/Diagrama de Secuencia/Mantener referenciales/Compras/categorias/editar categoria"
"UMLInteraction","eliminar categoria","AAAAAAGdk1xssgegmi4=","/taller_analisis/Diagramas/Diagrama de Secuencia/Mantener referenciales/Compras/categorias"
"UMLSequenceDiagram","eliminar categoria","AAAAAAGdk1xssgehijo=","/taller_analisis/Diagramas/Diagrama de Secuencia/Mantener referenciales/Compras/categorias/eliminar categoria"
"UMLCollaboration","departamentos","AAAAAAGdk2U/0RMlpBU=","/taller_analisis/Diagramas/Diagrama de Secuencia/Mantener referenciales/Compras"
"UMLInteraction","agregar departamento","AAAAAAGdk2U/0RMmuAw=","/taller_analisis/Diagramas/Diagrama de Secuencia/Mantener referenciales/Compras/departamentos"
"UMLSequenceDiagram","agregar departamento","AAAAAAGdk2U/0RMnxTk=","/taller_analisis/Diagramas/Diagrama de Secuencia/Mantener referenciales/Compras/departamentos/agregar departamento"
"UMLInteraction","editar departamento","AAAAAAGdk2U/0hOlIZI=","/taller_analisis/Diagramas/Diagrama de Secuencia/Mantener referenciales/Compras/departamentos"
"UMLSequenceDiagram","editar departamento","AAAAAAGdk2U/0hOmcLg=","/taller_analisis/Diagramas/Diagrama de Secuencia/Mantener referenciales/Compras/departamentos/editar departamento"
"UMLInteraction","eliminar departamento","AAAAAAGdk2U/0xRCPoc=","/taller_analisis/Diagramas/Diagrama de Secuencia/Mantener referenciales/Compras/departamentos"
"UMLSequenceDiagram","eliminar departamento","AAAAAAGdk2U/0xRD5fs=","/taller_analisis/Diagramas/Diagrama de Secuencia/Mantener referenciales/Compras/departamentos/eliminar departamento"
"UMLCollaboration","ciudades","AAAAAAGdk3b1Zza1JSY=","/taller_analisis/Diagramas/Diagrama de Secuencia/Mantener referenciales/Compras"
"UMLInteraction","agregar ciudad","AAAAAAGdk3b1Zza2GEw=","/taller_analisis/Diagramas/Diagrama de Secuencia/Mantener referenciales/Compras/ciudades"
"UMLSequenceDiagram","agregar ciudad","AAAAAAGdk3b1Zza3Pb4=","/taller_analisis/Diagramas/Diagrama de Secuencia/Mantener referenciales/Compras/ciudades/agregar ciudad"
"UMLInteraction","editar ciudad","AAAAAAGdk3b1aDc1Z4o=","/taller_analisis/Diagramas/Diagrama de Secuencia/Mantener referenciales/Compras/ciudades"
"UMLSequenceDiagram","editar ciudad","AAAAAAGdk3b1aDc2jN4=","/taller_analisis/Diagramas/Diagrama de Secuencia/Mantener referenciales/Compras/ciudades/editar ciudad"
"UMLInteraction","eliminar ciudad","AAAAAAGdk3b1aTfSpq0=","/taller_analisis/Diagramas/Diagrama de Secuencia/Mantener referenciales/Compras/ciudades"
"UMLSequenceDiagram","eliminar ciudad","AAAAAAGdk3b1aTfTEBI=","/taller_analisis/Diagramas/Diagrama de Secuencia/Mantener referenciales/Compras/ciudades/eliminar ciudad"
"UMLCollaboration","vehiculos","AAAAAAGd2lEyvoPuwJo=","/taller_analisis/Diagramas/Diagrama de Secuencia/Mantener referenciales/Compras"
"UMLInteraction","Agregar Vehiculo","AAAAAAGd2lEyvoPvPRE=","/taller_analisis/Diagramas/Diagrama de Secuencia/Mantener referenciales/Compras/vehiculos"
"UMLSequenceDiagram","Agregar Vehiculo","AAAAAAGd2lEyvoPwDD0=","/taller_analisis/Diagramas/Diagrama de Secuencia/Mantener referenciales/Compras/vehiculos/Agregar Vehiculo"
"UMLInteraction","Editar Vehiculo","AAAAAAGd2neuuI+JCJU=","/taller_analisis/Diagramas/Diagrama de Secuencia/Mantener referenciales/Compras/vehiculos"
"UMLSequenceDiagram","Editar Vehiculo","AAAAAAGd2neuuI+KXaI=","/taller_analisis/Diagramas/Diagrama de Secuencia/Mantener referenciales/Compras/vehiculos/Editar Vehiculo"
"UMLInteraction","Eliminar Vehiculo","AAAAAAGd2nfQ66qblcw=","/taller_analisis/Diagramas/Diagrama de Secuencia/Mantener referenciales/Compras/vehiculos"
"UMLSequenceDiagram","Eliminar Vehiculo","AAAAAAGd2nfQ66qcQTU=","/taller_analisis/Diagramas/Diagrama de Secuencia/Mantener referenciales/Compras/vehiculos/Eliminar Vehiculo"
"UMLPackage","Diagrama de Clases","AAAAAAGAzwf4mJKzxxE=","/taller_analisis/Diagramas"
"UMLPackage","Gestion de Compras","AAAAAAGAzwgrcJK3lFo=","/taller_analisis/Diagramas/Diagrama de Clases"
"UMLClassDiagram","registrar_pedido","AAAAAAGAzwh61pK76qc=","/taller_analisis/Diagramas/Diagrama de Clases/Gestion de Compras"
"UMLClassDiagram","registrar_presupuesto","AAAAAAGAzzEQj6lyiJk=","/taller_analisis/Diagramas/Diagrama de Clases/Gestion de Compras"
"UMLClassDiagram","generar_orden_compra","AAAAAAGA04q4GW+v0O0=","/taller_analisis/Diagramas/Diagrama de Clases/Gestion de Compras"
"UMLClassDiagram","registrar_compra","AAAAAAGA7Effr3pAYyw=","/taller_analisis/Diagramas/Diagrama de Clases/Gestion de Compras"
"UMLClassDiagram","registrar_nota_remision","AAAAAAGA7SHPbM3cgqY=","/taller_analisis/Diagramas/Diagrama de Clases/Gestion de Compras"
"UMLClassDiagram","registar_notaCreditoDebito","AAAAAAGA7Sip3dLJfKQ=","/taller_analisis/Diagramas/Diagrama de Clases/Gestion de Compras"
"UMLClassDiagram","regitrar_ajuste_inventario","AAAAAAGA8Zt3r67F7hY=","/taller_analisis/Diagramas/Diagrama de Clases/Gestion de Compras"
"UMLPackage","vista.compras","AAAAAAGA8+XSd11PXbw=","/taller_analisis/Diagramas/Diagrama de Clases/Gestion de Compras"
"UMLClassDiagram","generar_transferencia","AAAAAAGdHXP4Kar06QY=","/taller_analisis/Diagramas/Diagrama de Clases/Gestion de Compras"
"UMLPackage","Gestion de Servicios","AAAAAAGA/L1FNaL4WQc=","/taller_analisis/Diagramas/Diagrama de Clases"
"UMLClassDiagram","recepcion_servicio","AAAAAAGA/L3oG6M7uwc=","/taller_analisis/Diagramas/Diagrama de Clases/Gestion de Servicios"
"UMLPackage","vista.servicios","AAAAAAGA/PEsaF+kGgo=","/taller_analisis/Diagramas/Diagrama de Clases/Gestion de Servicios"
"UMLClassDiagram","Registrar promociones","AAAAAAGA/aetilyqiSM=","/taller_analisis/Diagramas/Diagrama de Clases/Gestion de Servicios"
"UMLClassDiagram","registrar_descuentos","AAAAAAGdIooBp8DTgIQ=","/taller_analisis/Diagramas/Diagrama de Clases/Gestion de Servicios"
"UMLClassDiagram","generar_diagnostico","AAAAAAGdHYD95wkIXnQ=","/taller_analisis/Diagramas/Diagrama de Clases/Gestion de Servicios"
"UMLClassDiagram","Registrar Presupuesto","AAAAAAGA/cQ3UWyYwFk=","/taller_analisis/Diagramas/Diagrama de Clases/Gestion de Servicios"
"UMLClassDiagram","Registrar Contrato de Servicio","AAAAAAGBAX0l/2TOr3A=","/taller_analisis/Diagramas/Diagrama de Clases/Gestion de Servicios"
"UMLClassDiagram","generar orden de trabajo","AAAAAAGBAdrBUJUxnmQ=","/taller_analisis/Diagramas/Diagrama de Clases/Gestion de Servicios"
"UMLClassDiagram","registrar_servicio_insumos_utilizados","AAAAAAGBAwzl2hMkQ6k=","/taller_analisis/Diagramas/Diagrama de Clases/Gestion de Servicios"
"UMLClassDiagram","registrar reclamos","AAAAAAGBA1wOt597bhY=","/taller_analisis/Diagramas/Diagrama de Clases/Gestion de Servicios"
"UMLPackage","Gestion de Facturacion","AAAAAAGBEZG/vgGKGeY=","/taller_analisis/Diagramas/Diagrama de Clases"
"UMLClassDiagram","Apertura Cierre de Cajas","AAAAAAGBEZI5GgGi33c=","/taller_analisis/Diagramas/Diagrama de Clases/Gestion de Facturacion"
"UMLPackage","vista.facturacion","AAAAAAGBEakXzQlZirU=","/taller_analisis/Diagramas/Diagrama de Clases/Gestion de Facturacion"
"UMLClassDiagram","Generar Arqueo de Caja","AAAAAAGBEcfnvtnda1k=","/taller_analisis/Diagramas/Diagrama de Clases/Gestion de Facturacion"
"UMLClassDiagram","Gestionar Ventas","AAAAAAGBEfNJPSg6M84=","/taller_analisis/Diagramas/Diagrama de Clases/Gestion de Facturacion"
"UMLClassDiagram","Gestionar cobranzas por forma de Cobro","AAAAAAGBFmRjc4uXFx8=","/taller_analisis/Diagramas/Diagrama de Clases/Gestion de Facturacion"
"UMLClassDiagram","Gestionar notas de crÃ©dito y dÃ©bito","AAAAAAGBHEUKgKr39Ng=","/taller_analisis/Diagramas/Diagrama de Clases/Gestion de Facturacion"
"UMLClassDiagram","Registrar Nota de RemisiÃ³n","AAAAAAGBHHS+HFBwYT0=","/taller_analisis/Diagramas/Diagrama de Clases/Gestion de Facturacion"
"UMLPackage","conexion","AAAAAAGA8+XmJF3nbhY=","/taller_analisis/Diagramas/Diagrama de Clases"
"UMLPackage","Mantener Referenciales","AAAAAAGA/PKk+GuY3qo=","/taller_analisis/Diagramas/Diagrama de Clases"
"UMLClassDiagram","Cargos","AAAAAAGdFwI5iJ+gEyw=","/taller_analisis/Diagramas/Diagrama de Clases/Mantener Referenciales"
"UMLClassDiagram","articulos","AAAAAAGdHPYaQuvHm3Q=","/taller_analisis/Diagramas/Diagrama de Clases/Mantener Referenciales"
"UMLClassDiagram","empleados","AAAAAAGdHQSImBFRqzw=","/taller_analisis/Diagramas/Diagrama de Clases/Mantener Referenciales"
"UMLClassDiagram","usuarios","AAAAAAGdHQddLRvyo88=","/taller_analisis/Diagramas/Diagrama de Clases/Mantener Referenciales"
"UMLClassDiagram","clientes","AAAAAAGdHQtr6ibbHuQ=","/taller_analisis/Diagramas/Diagrama de Clases/Mantener Referenciales"
"UMLClassDiagram","modelo_auto","AAAAAAGdHRCzxU0H3VM=","/taller_analisis/Diagramas/Diagrama de Clases/Mantener Referenciales"
"UMLClassDiagram","vehiculos","AAAAAAGdHRH5R1WOfRo=","/taller_analisis/Diagramas/Diagrama de Clases/Mantener Referenciales"
"UMLClassDiagram","equipo_trabajo","AAAAAAGdHRS9NGHJ72A=","/taller_analisis/Diagramas/Diagrama de Clases/Mantener Referenciales"
"UMLClassDiagram","asignar_empleados","AAAAAAGdHRYI/Gk1xUA=","/taller_analisis/Diagramas/Diagrama de Clases/Mantener Referenciales"
"UMLClassDiagram","cajas","AAAAAAGdHRmrcXSvXtQ=","/taller_analisis/Diagramas/Diagrama de Clases/Mantener Referenciales"
"UMLClassDiagram","timbrado","AAAAAAGdHSAxd34Bayg=","/taller_analisis/Diagramas/Diagrama de Clases/Mantener Referenciales"
"UMLClassDiagram","medios_pago","AAAAAAGdHSo0toTBFQI=","/taller_analisis/Diagramas/Diagrama de Clases/Mantener Referenciales"
"UMLClassDiagram","sucursales","AAAAAAGdg2dMtzCvyCY=","/taller_analisis/Diagramas/Diagrama de Clases/Mantener Referenciales"
"UMLClassDiagram","proveedores","AAAAAAGdjr0+Lfm+PMc=","/taller_analisis/Diagramas/Diagrama de Clases/Mantener Referenciales"
"UMLClassDiagram","categorias","AAAAAAGdk0W+MtxMOow=","/taller_analisis/Diagramas/Diagrama de Clases/Mantener Referenciales"
"UMLClassDiagram","departamentos","AAAAAAGdk2XgHytojyE=","/taller_analisis/Diagramas/Diagrama de Clases/Mantener Referenciales"
"UMLClassDiagram","ciudades","AAAAAAGdk3hqPU7/btc=","/taller_analisis/Diagramas/Diagrama de Clases/Mantener Referenciales"
"UMLPackage","Diagrama de Despliegue","AAAAAAGA1D38EfZOUj4=","/taller_analisis/Diagramas"
"UMLDeploymentDiagram","Despliegue","AAAAAAGA1EXvoPhjQVw=","/taller_analisis/Diagramas/Diagrama de Despliegue"
